[{"model": "admin.logentry", "pk": 1, "fields": {"action_time": "2022-09-02T08:05:46.745Z", "user": 1, "content_type": 7, "object_id": "1", "object_repr": "shop.com", "action_flag": 2, "change_message": "[{\"changed\": {\"fields\": [\"Domain name\", \"Display name\"]}}]"}}, {"model": "admin.logentry", "pk": 2, "fields": {"action_time": "2022-09-02T08:09:49.927Z", "user": 1, "content_type": 8, "object_id": "1", "object_repr": "a@a.com", "action_flag": 2, "change_message": "[{\"changed\": {\"fields\": [\"Verified\", \"Primary\"]}}]"}}, {"model": "admin.logentry", "pk": 3, "fields": {"action_time": "2022-09-02T17:16:03.660Z", "user": 1, "content_type": 13, "object_id": "1", "object_repr": "dea", "action_flag": 1, "change_message": "[{\"added\": {}}]"}}, {"model": "admin.logentry", "pk": 4, "fields": {"action_time": "2022-09-02T17:27:21.423Z", "user": 1, "content_type": 13, "object_id": "1", "object_repr": "dea", "action_flag": 3, "change_message": ""}}, {"model": "admin.logentry", "pk": 5, "fields": {"action_time": "2022-09-03T10:06:31.750Z", "user": 1, "content_type": 13, "object_id": "2", "object_repr": "qqq", "action_flag": 1, "change_message": "[{\"added\": {}}]"}}, {"model": "admin.logentry", "pk": 6, "fields": {"action_time": "2022-10-05T10:40:36.156Z", "user": 3, "content_type": 8, "object_id": "2", "object_repr": "s@s.com", "action_flag": 2, "change_message": "[{\"changed\": {\"fields\": [\"Verified\"]}}]"}}, {"model": "admin.logentry", "pk": 7, "fields": {"action_time": "2022-10-05T10:43:04.716Z", "user": 3, "content_type": 11, "object_id": "1", "object_repr": "ecomm", "action_flag": 1, "change_message": "[{\"added\": {}}]"}}, {"model": "admin.logentry", "pk": 8, "fields": {"action_time": "2022-10-05T10:57:11.546Z", "user": 3, "content_type": 11, "object_id": "1", "object_repr": "ecomm", "action_flag": 2, "change_message": "[{\"changed\": {\"fields\": [\"Client id\", \"Secret key\"]}}]"}}, {"model": "admin.logentry", "pk": 9, "fields": {"action_time": "2022-10-05T10:58:22.161Z", "user": 3, "content_type": 11, "object_id": "1", "object_repr": "ecomm", "action_flag": 3, "change_message": ""}}, {"model": "admin.logentry", "pk": 10, "fields": {"action_time": "2022-10-05T11:34:17.458Z", "user": 3, "content_type": 11, "object_id": "2", "object_repr": "ecomm", "action_flag": 1, "change_message": "[{\"added\": {}}]"}}, {"model": "admin.logentry", "pk": 11, "fields": {"action_time": "2022-10-05T11:38:50.206Z", "user": 3, "content_type": 7, "object_id": "1", "object_repr": "https://8000-mjjstockman-ecomm-vvv80wnlzj2.ws-eu67.gitpod.io/", "action_flag": 2, "change_message": "[{\"changed\": {\"fields\": [\"Domain name\", \"Display name\"]}}]"}}, {"model": "admin.logentry", "pk": 12, "fields": {"action_time": "2022-10-05T12:57:28.033Z", "user": 3, "content_type": 7, "object_id": "1", "object_repr": "127.0.0.1:8000", "action_flag": 2, "change_message": "[{\"changed\": {\"fields\": [\"Domain name\", \"Display name\"]}}]"}}, {"model": "admin.logentry", "pk": 13, "fields": {"action_time": "2022-10-05T12:57:41.509Z", "user": 3, "content_type": 11, "object_id": "2", "object_repr": "ecomm", "action_flag": 2, "change_message": "[]"}}, {"model": "admin.logentry", "pk": 14, "fields": {"action_time": "2022-10-05T13:26:24.116Z", "user": 3, "content_type": 11, "object_id": "2", "object_repr": "ecomm", "action_flag": 2, "change_message": "[{\"changed\": {\"fields\": [\"Client id\", \"Secret key\"]}}]"}}, {"model": "admin.logentry", "pk": 15, "fields": {"action_time": "2022-10-05T13:27:01.701Z", "user": 3, "content_type": 11, "object_id": "2", "object_repr": "ecomm", "action_flag": 2, "change_message": "[]"}}, {"model": "admin.logentry", "pk": 16, "fields": {"action_time": "2022-10-05T16:00:38.169Z", "user": 3, "content_type": 15, "object_id": "1", "object_repr": "grdsg grew hterw htrwe htrw", "action_flag": 1, "change_message": "[{\"added\": {}}]"}}, {"model": "admin.logentry", "pk": 17, "fields": {"action_time": "2022-10-05T16:26:01.190Z", "user": 3, "content_type": 15, "object_id": "1", "object_repr": "grdsg grew hterw htrwe htrw", "action_flag": 2, "change_message": "[]"}}, {"model": "admin.logentry", "pk": 18, "fields": {"action_time": "2022-10-06T20:36:27.048Z", "user": 3, "content_type": 16, "object_id": "1", "object_repr": "Answer to grdsg grew hterw htrwe htrw", "action_flag": 1, "change_message": "[{\"added\": {}}]"}}, {"model": "admin.logentry", "pk": 19, "fields": {"action_time": "2022-10-06T20:41:40.446Z", "user": 3, "content_type": 16, "object_id": "1", "object_repr": "Answer to grdsg grew hterw htrwe htrw", "action_flag": 2, "change_message": "[{\"changed\": {\"fields\": [\"Body\", \"Status\"]}}]"}}, {"model": "admin.logentry", "pk": 20, "fields": {"action_time": "2022-10-06T20:42:29.950Z", "user": 3, "content_type": 15, "object_id": "2", "object_repr": "gy grewg grew gfew gfr ewg rew grew", "action_flag": 1, "change_message": "[{\"added\": {}}]"}}, {"model": "admin.logentry", "pk": 21, "fields": {"action_time": "2022-10-07T10:23:00.407Z", "user": 3, "content_type": 15, "object_id": "3", "object_repr": "this is a qion", "action_flag": 1, "change_message": "[{\"added\": {}}]"}}, {"model": "admin.logentry", "pk": 22, "fields": {"action_time": "2022-10-07T10:31:19.809Z", "user": 3, "content_type": 16, "object_id": "2", "object_repr": "Answer to this is a qion", "action_flag": 2, "change_message": "[{\"changed\": {\"fields\": [\"Question\"]}}]"}}, {"model": "admin.logentry", "pk": 23, "fields": {"action_time": "2022-10-07T11:18:57.141Z", "user": 3, "content_type": 16, "object_id": "3", "object_repr": "Answer to None", "action_flag": 3, "change_message": ""}}, {"model": "admin.logentry", "pk": 24, "fields": {"action_time": "2022-10-07T12:25:47.518Z", "user": 3, "content_type": 15, "object_id": "4", "object_repr": "NEW NEW NEW NEW", "action_flag": 1, "change_message": "[{\"added\": {}}]"}}, {"model": "admin.logentry", "pk": 25, "fields": {"action_time": "2022-10-07T14:10:23.691Z", "user": 3, "content_type": 16, "object_id": "6", "object_repr": "Answer to NEW NEW NEW NEW", "action_flag": 3, "change_message": ""}}, {"model": "admin.logentry", "pk": 26, "fields": {"action_time": "2022-10-07T15:44:39.152Z", "user": 3, "content_type": 16, "object_id": "7", "object_repr": "Answer to NEW NEW NEW NEW", "action_flag": 2, "change_message": "[{\"changed\": {\"fields\": [\"Status\"]}}]"}}, {"model": "admin.logentry", "pk": 27, "fields": {"action_time": "2022-10-07T16:40:30.664Z", "user": 3, "content_type": 16, "object_id": "4", "object_repr": "Answer to None", "action_flag": 3, "change_message": ""}}, {"model": "admin.logentry", "pk": 28, "fields": {"action_time": "2022-10-08T09:30:55.746Z", "user": 3, "content_type": 16, "object_id": "9", "object_repr": "Answer to this is a qion", "action_flag": 3, "change_message": ""}}, {"model": "admin.logentry", "pk": 29, "fields": {"action_time": "2022-10-08T09:30:55.749Z", "user": 3, "content_type": 16, "object_id": "8", "object_repr": "Answer to this is a qion", "action_flag": 3, "change_message": ""}}, {"model": "admin.logentry", "pk": 30, "fields": {"action_time": "2022-10-08T11:46:32.386Z", "user": 3, "content_type": 16, "object_id": "10", "object_repr": "Answer to this is a qion", "action_flag": 2, "change_message": "[{\"changed\": {\"fields\": [\"Status\"]}}]"}}, {"model": "admin.logentry", "pk": 31, "fields": {"action_time": "2022-10-08T11:47:12.291Z", "user": 3, "content_type": 16, "object_id": "11", "object_repr": "Answer to this is a qion", "action_flag": 2, "change_message": "[{\"changed\": {\"fields\": [\"Status\"]}}]"}}, {"model": "admin.logentry", "pk": 32, "fields": {"action_time": "2022-10-08T12:01:45.346Z", "user": 3, "content_type": 16, "object_id": "12", "object_repr": "Answer to this is a qion", "action_flag": 2, "change_message": "[{\"changed\": {\"fields\": [\"Body\"]}}]"}}, {"model": "admin.logentry", "pk": 33, "fields": {"action_time": "2022-10-08T12:01:57.101Z", "user": 3, "content_type": 16, "object_id": "13", "object_repr": "Answer to gy grewg grew gfew gfr ewg rew grew", "action_flag": 2, "change_message": "[{\"changed\": {\"fields\": [\"Body\"]}}]"}}, {"model": "admin.logentry", "pk": 34, "fields": {"action_time": "2022-10-08T12:02:08.364Z", "user": 3, "content_type": 16, "object_id": "10", "object_repr": "Answer to this is a qion", "action_flag": 2, "change_message": "[{\"changed\": {\"fields\": [\"Body\"]}}]"}}, {"model": "admin.logentry", "pk": 35, "fields": {"action_time": "2022-10-08T12:02:24.794Z", "user": 3, "content_type": 16, "object_id": "11", "object_repr": "Answer to this is a qion", "action_flag": 2, "change_message": "[{\"changed\": {\"fields\": [\"Body\"]}}]"}}, {"model": "admin.logentry", "pk": 36, "fields": {"action_time": "2022-10-08T12:02:37.831Z", "user": 3, "content_type": 16, "object_id": "7", "object_repr": "Answer to NEW NEW NEW NEW", "action_flag": 2, "change_message": "[{\"changed\": {\"fields\": [\"Body\"]}}]"}}, {"model": "admin.logentry", "pk": 37, "fields": {"action_time": "2022-10-08T12:02:50.519Z", "user": 3, "content_type": 16, "object_id": "5", "object_repr": "Answer to gy grewg grew gfew gfr ewg rew grew", "action_flag": 2, "change_message": "[{\"changed\": {\"fields\": [\"Body\"]}}]"}}, {"model": "admin.logentry", "pk": 38, "fields": {"action_time": "2022-10-08T12:03:08.714Z", "user": 3, "content_type": 16, "object_id": "2", "object_repr": "Answer to this is a qion", "action_flag": 2, "change_message": "[{\"changed\": {\"fields\": [\"Body\"]}}]"}}, {"model": "admin.logentry", "pk": 39, "fields": {"action_time": "2022-10-08T12:03:24.458Z", "user": 3, "content_type": 16, "object_id": "1", "object_repr": "Answer to grdsg grew hterw htrwe htrw", "action_flag": 2, "change_message": "[{\"changed\": {\"fields\": [\"Body\"]}}]"}}, {"model": "admin.logentry", "pk": 40, "fields": {"action_time": "2022-10-08T12:05:17.415Z", "user": 3, "content_type": 16, "object_id": "14", "object_repr": "Answer to NEW NEW NEW NEW", "action_flag": 2, "change_message": "[{\"changed\": {\"fields\": [\"Status\"]}}]"}}, {"model": "admin.logentry", "pk": 41, "fields": {"action_time": "2022-10-08T12:45:07.730Z", "user": 3, "content_type": 16, "object_id": "2", "object_repr": "Answer to this is a qion", "action_flag": 2, "change_message": "[{\"changed\": {\"fields\": [\"Status\"]}}]"}}, {"model": "admin.logentry", "pk": 42, "fields": {"action_time": "2022-10-09T13:28:46.316Z", "user": 3, "content_type": 16, "object_id": "15", "object_repr": "Answer to NEW NEW NEW NEW", "action_flag": 3, "change_message": ""}}, {"model": "admin.logentry", "pk": 43, "fields": {"action_time": "2022-10-09T13:28:46.319Z", "user": 3, "content_type": 16, "object_id": "14", "object_repr": "Answer to NEW NEW NEW NEW", "action_flag": 3, "change_message": ""}}, {"model": "admin.logentry", "pk": 44, "fields": {"action_time": "2022-10-09T13:28:46.320Z", "user": 3, "content_type": 16, "object_id": "13", "object_repr": "Answer to gy grewg grew gfew gfr ewg rew grew", "action_flag": 3, "change_message": ""}}, {"model": "admin.logentry", "pk": 45, "fields": {"action_time": "2022-10-09T13:28:46.323Z", "user": 3, "content_type": 16, "object_id": "12", "object_repr": "Answer to this is a qion", "action_flag": 3, "change_message": ""}}, {"model": "admin.logentry", "pk": 46, "fields": {"action_time": "2022-10-09T13:28:46.324Z", "user": 3, "content_type": 16, "object_id": "11", "object_repr": "Answer to this is a qion", "action_flag": 3, "change_message": ""}}, {"model": "admin.logentry", "pk": 47, "fields": {"action_time": "2022-10-09T13:28:46.326Z", "user": 3, "content_type": 16, "object_id": "10", "object_repr": "Answer to this is a qion", "action_flag": 3, "change_message": ""}}, {"model": "admin.logentry", "pk": 48, "fields": {"action_time": "2022-10-09T13:28:46.327Z", "user": 3, "content_type": 16, "object_id": "7", "object_repr": "Answer to NEW NEW NEW NEW", "action_flag": 3, "change_message": ""}}, {"model": "admin.logentry", "pk": 49, "fields": {"action_time": "2022-10-09T13:28:46.329Z", "user": 3, "content_type": 16, "object_id": "5", "object_repr": "Answer to gy grewg grew gfew gfr ewg rew grew", "action_flag": 3, "change_message": ""}}, {"model": "admin.logentry", "pk": 50, "fields": {"action_time": "2022-10-09T13:28:46.330Z", "user": 3, "content_type": 16, "object_id": "2", "object_repr": "Answer to this is a qion", "action_flag": 3, "change_message": ""}}, {"model": "admin.logentry", "pk": 51, "fields": {"action_time": "2022-10-09T13:28:46.332Z", "user": 3, "content_type": 16, "object_id": "1", "object_repr": "Answer to grdsg grew hterw htrwe htrw", "action_flag": 3, "change_message": ""}}, {"model": "admin.logentry", "pk": 52, "fields": {"action_time": "2022-10-09T13:28:59.726Z", "user": 3, "content_type": 15, "object_id": "6", "object_repr": "i have a question", "action_flag": 3, "change_message": ""}}, {"model": "admin.logentry", "pk": 53, "fields": {"action_time": "2022-10-09T13:28:59.729Z", "user": 3, "content_type": 15, "object_id": "5", "object_repr": "fffffff", "action_flag": 3, "change_message": ""}}, {"model": "admin.logentry", "pk": 54, "fields": {"action_time": "2022-10-09T13:28:59.730Z", "user": 3, "content_type": 15, "object_id": "4", "object_repr": "NEW NEW NEW NEW", "action_flag": 3, "change_message": ""}}, {"model": "admin.logentry", "pk": 55, "fields": {"action_time": "2022-10-09T13:28:59.732Z", "user": 3, "content_type": 15, "object_id": "3", "object_repr": "this is a qion", "action_flag": 3, "change_message": ""}}, {"model": "admin.logentry", "pk": 56, "fields": {"action_time": "2022-10-09T13:28:59.734Z", "user": 3, "content_type": 15, "object_id": "2", "object_repr": "gy grewg grew gfew gfr ewg rew grew", "action_flag": 3, "change_message": ""}}, {"model": "admin.logentry", "pk": 57, "fields": {"action_time": "2022-10-09T13:28:59.736Z", "user": 3, "content_type": 15, "object_id": "1", "object_repr": "grdsg grew hterw htrwe htrw", "action_flag": 3, "change_message": ""}}, {"model": "admin.logentry", "pk": 58, "fields": {"action_time": "2022-10-09T14:47:03.291Z", "user": 3, "content_type": 8, "object_id": "3", "object_repr": "g@g.com", "action_flag": 2, "change_message": "[{\"changed\": {\"fields\": [\"Verified\", \"Primary\"]}}]"}}, {"model": "admin.logentry", "pk": 59, "fields": {"action_time": "2022-10-09T15:42:41.681Z", "user": 3, "content_type": 16, "object_id": "18", "object_repr": "Answer to fdasfdsa", "action_flag": 2, "change_message": "[{\"changed\": {\"fields\": [\"Status\"]}}]"}}, {"model": "admin.logentry", "pk": 60, "fields": {"action_time": "2022-10-09T15:44:36.406Z", "user": 3, "content_type": 15, "object_id": "2", "object_repr": "fdasfdsa", "action_flag": 3, "change_message": ""}}, {"model": "admin.logentry", "pk": 61, "fields": {"action_time": "2022-10-09T18:37:38.179Z", "user": 3, "content_type": 16, "object_id": "28", "object_repr": "Answer to Q1", "action_flag": 2, "change_message": "[{\"changed\": {\"fields\": [\"Status\"]}}]"}}, {"model": "admin.logentry", "pk": 62, "fields": {"action_time": "2022-10-09T18:50:28.407Z", "user": 3, "content_type": 16, "object_id": "26", "object_repr": "Answer to Q1", "action_flag": 2, "change_message": "[{\"changed\": {\"fields\": [\"Status\"]}}]"}}, {"model": "admin.logentry", "pk": 63, "fields": {"action_time": "2022-10-10T10:40:24.019Z", "user": 3, "content_type": 16, "object_id": "35", "object_repr": "Answer to Q1", "action_flag": 2, "change_message": "[{\"changed\": {\"fields\": [\"Status\"]}}]"}}, {"model": "admin.logentry", "pk": 64, "fields": {"action_time": "2022-10-10T10:48:25.788Z", "user": 3, "content_type": 16, "object_id": "34", "object_repr": "Answer to Q1", "action_flag": 2, "change_message": "[{\"changed\": {\"fields\": [\"Status\"]}}]"}}, {"model": "admin.logentry", "pk": 65, "fields": {"action_time": "2022-10-10T11:22:50.632Z", "user": 3, "content_type": 16, "object_id": "38", "object_repr": "Answer to Q1", "action_flag": 2, "change_message": "[{\"changed\": {\"fields\": [\"Status\"]}}]"}}, {"model": "admin.logentry", "pk": 66, "fields": {"action_time": "2022-10-10T12:53:51.663Z", "user": 3, "content_type": 16, "object_id": "41", "object_repr": "Answer to Q1", "action_flag": 2, "change_message": "[{\"changed\": {\"fields\": [\"Status\"]}}]"}}, {"model": "admin.logentry", "pk": 67, "fields": {"action_time": "2022-10-10T12:56:02.547Z", "user": 3, "content_type": 16, "object_id": "42", "object_repr": "Answer to Q1", "action_flag": 2, "change_message": "[{\"changed\": {\"fields\": [\"Status\"]}}]"}}, {"model": "admin.logentry", "pk": 68, "fields": {"action_time": "2022-10-10T13:11:01.189Z", "user": 3, "content_type": 16, "object_id": "43", "object_repr": "Answer to Q1", "action_flag": 2, "change_message": "[{\"changed\": {\"fields\": [\"Status\"]}}]"}}, {"model": "admin.logentry", "pk": 69, "fields": {"action_time": "2022-10-10T13:15:35.282Z", "user": 3, "content_type": 16, "object_id": "36", "object_repr": "Answer to Q1", "action_flag": 2, "change_message": "[{\"changed\": {\"fields\": [\"Status\"]}}]"}}, {"model": "admin.logentry", "pk": 70, "fields": {"action_time": "2022-10-10T13:18:04.576Z", "user": 3, "content_type": 16, "object_id": "41", "object_repr": "Answer to Q1", "action_flag": 2, "change_message": "[{\"changed\": {\"fields\": [\"Status\"]}}]"}}, {"model": "admin.logentry", "pk": 71, "fields": {"action_time": "2022-10-10T13:18:15.541Z", "user": 3, "content_type": 16, "object_id": "42", "object_repr": "Answer to Q1", "action_flag": 2, "change_message": "[{\"changed\": {\"fields\": [\"Status\"]}}]"}}, {"model": "admin.logentry", "pk": 72, "fields": {"action_time": "2022-10-10T13:18:23.046Z", "user": 3, "content_type": 16, "object_id": "43", "object_repr": "Answer to Q1", "action_flag": 2, "change_message": "[{\"changed\": {\"fields\": [\"Status\"]}}]"}}, {"model": "admin.logentry", "pk": 73, "fields": {"action_time": "2022-10-10T13:18:29.421Z", "user": 3, "content_type": 16, "object_id": "44", "object_repr": "Answer to Q1", "action_flag": 2, "change_message": "[{\"changed\": {\"fields\": [\"Status\"]}}]"}}, {"model": "admin.logentry", "pk": 74, "fields": {"action_time": "2022-10-10T13:50:40.487Z", "user": 3, "content_type": 16, "object_id": "44", "object_repr": "Answer to Q1", "action_flag": 2, "change_message": "[{\"changed\": {\"fields\": [\"Status\"]}}]"}}, {"model": "admin.logentry", "pk": 75, "fields": {"action_time": "2022-10-10T14:12:43.902Z", "user": 3, "content_type": 15, "object_id": "11", "object_repr": "gfsdagfdgfda", "action_flag": 2, "change_message": "[{\"changed\": {\"fields\": [\"Status\"]}}]"}}, {"model": "admin.logentry", "pk": 76, "fields": {"action_time": "2022-10-10T14:13:33.484Z", "user": 3, "content_type": 16, "object_id": "44", "object_repr": "Answer to Q1", "action_flag": 2, "change_message": "[{\"changed\": {\"fields\": [\"Status\"]}}]"}}, {"model": "admin.logentry", "pk": 77, "fields": {"action_time": "2022-10-10T14:18:15.828Z", "user": 3, "content_type": 16, "object_id": "44", "object_repr": "Answer to Q1", "action_flag": 2, "change_message": "[{\"changed\": {\"fields\": [\"Status\"]}}]"}}, {"model": "admin.logentry", "pk": 78, "fields": {"action_time": "2022-10-10T14:18:22.047Z", "user": 3, "content_type": 16, "object_id": "44", "object_repr": "Answer to Q1", "action_flag": 2, "change_message": "[{\"changed\": {\"fields\": [\"Status\"]}}]"}}, {"model": "admin.logentry", "pk": 79, "fields": {"action_time": "2022-10-10T14:19:05.202Z", "user": 3, "content_type": 16, "object_id": "44", "object_repr": "Answer to Q1", "action_flag": 2, "change_message": "[{\"changed\": {\"fields\": [\"Status\"]}}]"}}, {"model": "admin.logentry", "pk": 80, "fields": {"action_time": "2022-10-10T14:19:09.941Z", "user": 3, "content_type": 16, "object_id": "44", "object_repr": "Answer to Q1", "action_flag": 2, "change_message": "[{\"changed\": {\"fields\": [\"Status\"]}}]"}}, {"model": "admin.logentry", "pk": 81, "fields": {"action_time": "2022-10-10T14:19:35.097Z", "user": 3, "content_type": 16, "object_id": "44", "object_repr": "Answer to Q1", "action_flag": 2, "change_message": "[{\"changed\": {\"fields\": [\"Status\"]}}]"}}, {"model": "admin.logentry", "pk": 82, "fields": {"action_time": "2022-10-10T14:19:39.841Z", "user": 3, "content_type": 16, "object_id": "44", "object_repr": "Answer to Q1", "action_flag": 2, "change_message": "[{\"changed\": {\"fields\": [\"Status\"]}}]"}}, {"model": "admin.logentry", "pk": 83, "fields": {"action_time": "2022-10-10T14:22:02.111Z", "user": 3, "content_type": 16, "object_id": "44", "object_repr": "Answer to Q1", "action_flag": 2, "change_message": "[{\"changed\": {\"fields\": [\"Author\"]}}]"}}, {"model": "admin.logentry", "pk": 84, "fields": {"action_time": "2022-10-10T14:22:17.171Z", "user": 3, "content_type": 16, "object_id": "44", "object_repr": "Answer to Q1", "action_flag": 2, "change_message": "[{\"changed\": {\"fields\": [\"Status\"]}}]"}}, {"model": "admin.logentry", "pk": 85, "fields": {"action_time": "2022-10-10T14:22:22.104Z", "user": 3, "content_type": 16, "object_id": "44", "object_repr": "Answer to Q1", "action_flag": 2, "change_message": "[{\"changed\": {\"fields\": [\"Status\"]}}]"}}, {"model": "admin.logentry", "pk": 86, "fields": {"action_time": "2022-10-10T14:26:24.103Z", "user": 3, "content_type": 15, "object_id": "1", "object_repr": "Q1", "action_flag": 3, "change_message": ""}}, {"model": "admin.logentry", "pk": 87, "fields": {"action_time": "2022-10-10T14:27:16.280Z", "user": 3, "content_type": 15, "object_id": "9", "object_repr": "asdfgh", "action_flag": 2, "change_message": "[{\"changed\": {\"fields\": [\"Author\"]}}]"}}, {"model": "admin.logentry", "pk": 88, "fields": {"action_time": "2022-10-10T14:27:22.564Z", "user": 3, "content_type": 15, "object_id": "6", "object_repr": "vbvb", "action_flag": 2, "change_message": "[{\"changed\": {\"fields\": [\"Author\"]}}]"}}, {"model": "admin.logentry", "pk": 89, "fields": {"action_time": "2022-10-10T14:28:20.056Z", "user": 3, "content_type": 16, "object_id": "43", "object_repr": "Answer to None", "action_flag": 3, "change_message": ""}}, {"model": "admin.logentry", "pk": 90, "fields": {"action_time": "2022-10-10T14:28:20.058Z", "user": 3, "content_type": 16, "object_id": "42", "object_repr": "Answer to None", "action_flag": 3, "change_message": ""}}, {"model": "admin.logentry", "pk": 91, "fields": {"action_time": "2022-10-10T14:28:20.060Z", "user": 3, "content_type": 16, "object_id": "41", "object_repr": "Answer to None", "action_flag": 3, "change_message": ""}}, {"model": "admin.logentry", "pk": 92, "fields": {"action_time": "2022-10-10T14:28:20.062Z", "user": 3, "content_type": 16, "object_id": "40", "object_repr": "Answer to None", "action_flag": 3, "change_message": ""}}, {"model": "admin.logentry", "pk": 93, "fields": {"action_time": "2022-10-10T14:28:20.063Z", "user": 3, "content_type": 16, "object_id": "39", "object_repr": "Answer to None", "action_flag": 3, "change_message": ""}}, {"model": "admin.logentry", "pk": 94, "fields": {"action_time": "2022-10-10T14:28:20.065Z", "user": 3, "content_type": 16, "object_id": "38", "object_repr": "Answer to None", "action_flag": 3, "change_message": ""}}, {"model": "admin.logentry", "pk": 95, "fields": {"action_time": "2022-10-10T14:28:20.066Z", "user": 3, "content_type": 16, "object_id": "37", "object_repr": "Answer to None", "action_flag": 3, "change_message": ""}}, {"model": "admin.logentry", "pk": 96, "fields": {"action_time": "2022-10-10T14:28:20.068Z", "user": 3, "content_type": 16, "object_id": "36", "object_repr": "Answer to None", "action_flag": 3, "change_message": ""}}, {"model": "admin.logentry", "pk": 97, "fields": {"action_time": "2022-10-10T14:28:20.070Z", "user": 3, "content_type": 16, "object_id": "35", "object_repr": "Answer to None", "action_flag": 3, "change_message": ""}}, {"model": "admin.logentry", "pk": 98, "fields": {"action_time": "2022-10-10T14:28:20.072Z", "user": 3, "content_type": 16, "object_id": "34", "object_repr": "Answer to None", "action_flag": 3, "change_message": ""}}, {"model": "admin.logentry", "pk": 99, "fields": {"action_time": "2022-10-10T14:28:20.073Z", "user": 3, "content_type": 16, "object_id": "33", "object_repr": "Answer to None", "action_flag": 3, "change_message": ""}}, {"model": "admin.logentry", "pk": 100, "fields": {"action_time": "2022-10-10T14:28:20.074Z", "user": 3, "content_type": 16, "object_id": "32", "object_repr": "Answer to None", "action_flag": 3, "change_message": ""}}, {"model": "admin.logentry", "pk": 101, "fields": {"action_time": "2022-10-10T14:28:20.076Z", "user": 3, "content_type": 16, "object_id": "31", "object_repr": "Answer to None", "action_flag": 3, "change_message": ""}}, {"model": "admin.logentry", "pk": 102, "fields": {"action_time": "2022-10-10T14:28:20.077Z", "user": 3, "content_type": 16, "object_id": "30", "object_repr": "Answer to None", "action_flag": 3, "change_message": ""}}, {"model": "admin.logentry", "pk": 103, "fields": {"action_time": "2022-10-10T14:28:20.079Z", "user": 3, "content_type": 16, "object_id": "29", "object_repr": "Answer to None", "action_flag": 3, "change_message": ""}}, {"model": "admin.logentry", "pk": 104, "fields": {"action_time": "2022-10-10T14:28:20.080Z", "user": 3, "content_type": 16, "object_id": "28", "object_repr": "Answer to None", "action_flag": 3, "change_message": ""}}, {"model": "admin.logentry", "pk": 105, "fields": {"action_time": "2022-10-10T14:28:20.082Z", "user": 3, "content_type": 16, "object_id": "27", "object_repr": "Answer to None", "action_flag": 3, "change_message": ""}}, {"model": "admin.logentry", "pk": 106, "fields": {"action_time": "2022-10-10T14:28:20.083Z", "user": 3, "content_type": 16, "object_id": "26", "object_repr": "Answer to None", "action_flag": 3, "change_message": ""}}, {"model": "admin.logentry", "pk": 107, "fields": {"action_time": "2022-10-10T14:28:20.085Z", "user": 3, "content_type": 16, "object_id": "25", "object_repr": "Answer to None", "action_flag": 3, "change_message": ""}}, {"model": "admin.logentry", "pk": 108, "fields": {"action_time": "2022-10-10T14:28:20.086Z", "user": 3, "content_type": 16, "object_id": "24", "object_repr": "Answer to None", "action_flag": 3, "change_message": ""}}, {"model": "admin.logentry", "pk": 109, "fields": {"action_time": "2022-10-10T14:28:20.088Z", "user": 3, "content_type": 16, "object_id": "23", "object_repr": "Answer to None", "action_flag": 3, "change_message": ""}}, {"model": "admin.logentry", "pk": 110, "fields": {"action_time": "2022-10-10T14:28:20.089Z", "user": 3, "content_type": 16, "object_id": "22", "object_repr": "Answer to None", "action_flag": 3, "change_message": ""}}, {"model": "admin.logentry", "pk": 111, "fields": {"action_time": "2022-10-10T14:28:20.091Z", "user": 3, "content_type": 16, "object_id": "21", "object_repr": "Answer to None", "action_flag": 3, "change_message": ""}}, {"model": "admin.logentry", "pk": 112, "fields": {"action_time": "2022-10-10T14:28:20.092Z", "user": 3, "content_type": 16, "object_id": "20", "object_repr": "Answer to None", "action_flag": 3, "change_message": ""}}, {"model": "admin.logentry", "pk": 113, "fields": {"action_time": "2022-10-10T14:28:20.094Z", "user": 3, "content_type": 16, "object_id": "19", "object_repr": "Answer to None", "action_flag": 3, "change_message": ""}}, {"model": "admin.logentry", "pk": 114, "fields": {"action_time": "2022-10-10T14:28:20.095Z", "user": 3, "content_type": 16, "object_id": "18", "object_repr": "Answer to None", "action_flag": 3, "change_message": ""}}, {"model": "admin.logentry", "pk": 115, "fields": {"action_time": "2022-10-10T14:28:20.097Z", "user": 3, "content_type": 16, "object_id": "17", "object_repr": "Answer to None", "action_flag": 3, "change_message": ""}}, {"model": "admin.logentry", "pk": 116, "fields": {"action_time": "2022-10-10T14:28:20.098Z", "user": 3, "content_type": 16, "object_id": "16", "object_repr": "Answer to None", "action_flag": 3, "change_message": ""}}, {"model": "admin.logentry", "pk": 117, "fields": {"action_time": "2022-10-10T14:28:20.100Z", "user": 3, "content_type": 16, "object_id": "15", "object_repr": "Answer to None", "action_flag": 3, "change_message": ""}}, {"model": "admin.logentry", "pk": 118, "fields": {"action_time": "2022-10-10T14:28:20.101Z", "user": 3, "content_type": 16, "object_id": "14", "object_repr": "Answer to None", "action_flag": 3, "change_message": ""}}, {"model": "admin.logentry", "pk": 119, "fields": {"action_time": "2022-10-10T14:28:20.102Z", "user": 3, "content_type": 16, "object_id": "13", "object_repr": "Answer to None", "action_flag": 3, "change_message": ""}}, {"model": "admin.logentry", "pk": 120, "fields": {"action_time": "2022-10-10T14:28:20.104Z", "user": 3, "content_type": 16, "object_id": "12", "object_repr": "Answer to None", "action_flag": 3, "change_message": ""}}, {"model": "admin.logentry", "pk": 121, "fields": {"action_time": "2022-10-10T14:28:20.106Z", "user": 3, "content_type": 16, "object_id": "11", "object_repr": "Answer to None", "action_flag": 3, "change_message": ""}}, {"model": "admin.logentry", "pk": 122, "fields": {"action_time": "2022-10-10T14:28:20.107Z", "user": 3, "content_type": 16, "object_id": "10", "object_repr": "Answer to None", "action_flag": 3, "change_message": ""}}, {"model": "admin.logentry", "pk": 123, "fields": {"action_time": "2022-10-10T14:28:20.109Z", "user": 3, "content_type": 16, "object_id": "9", "object_repr": "Answer to None", "action_flag": 3, "change_message": ""}}, {"model": "admin.logentry", "pk": 124, "fields": {"action_time": "2022-10-10T14:28:20.110Z", "user": 3, "content_type": 16, "object_id": "8", "object_repr": "Answer to None", "action_flag": 3, "change_message": ""}}, {"model": "admin.logentry", "pk": 125, "fields": {"action_time": "2022-10-10T14:28:20.112Z", "user": 3, "content_type": 16, "object_id": "7", "object_repr": "Answer to None", "action_flag": 3, "change_message": ""}}, {"model": "admin.logentry", "pk": 126, "fields": {"action_time": "2022-10-10T14:28:20.114Z", "user": 3, "content_type": 16, "object_id": "6", "object_repr": "Answer to None", "action_flag": 3, "change_message": ""}}, {"model": "admin.logentry", "pk": 127, "fields": {"action_time": "2022-10-10T14:28:20.116Z", "user": 3, "content_type": 16, "object_id": "5", "object_repr": "Answer to None", "action_flag": 3, "change_message": ""}}, {"model": "admin.logentry", "pk": 128, "fields": {"action_time": "2022-10-10T14:28:20.117Z", "user": 3, "content_type": 16, "object_id": "4", "object_repr": "Answer to None", "action_flag": 3, "change_message": ""}}, {"model": "admin.logentry", "pk": 129, "fields": {"action_time": "2022-10-10T14:28:20.119Z", "user": 3, "content_type": 16, "object_id": "3", "object_repr": "Answer to None", "action_flag": 3, "change_message": ""}}, {"model": "admin.logentry", "pk": 130, "fields": {"action_time": "2022-10-10T14:28:20.121Z", "user": 3, "content_type": 16, "object_id": "2", "object_repr": "Answer to None", "action_flag": 3, "change_message": ""}}, {"model": "admin.logentry", "pk": 131, "fields": {"action_time": "2022-10-10T14:28:20.124Z", "user": 3, "content_type": 16, "object_id": "1", "object_repr": "Answer to None", "action_flag": 3, "change_message": ""}}, {"model": "admin.logentry", "pk": 132, "fields": {"action_time": "2022-10-10T14:29:05.078Z", "user": 3, "content_type": 16, "object_id": "44", "object_repr": "Answer to gfsdagfdgfda", "action_flag": 2, "change_message": "[{\"changed\": {\"fields\": [\"Question\"]}}]"}}, {"model": "admin.logentry", "pk": 133, "fields": {"action_time": "2022-10-10T14:29:25.001Z", "user": 3, "content_type": 15, "object_id": "10", "object_repr": "auth", "action_flag": 3, "change_message": ""}}, {"model": "admin.logentry", "pk": 134, "fields": {"action_time": "2022-10-10T14:29:25.003Z", "user": 3, "content_type": 15, "object_id": "9", "object_repr": "asdfgh", "action_flag": 3, "change_message": ""}}, {"model": "admin.logentry", "pk": 135, "fields": {"action_time": "2022-10-10T14:29:25.005Z", "user": 3, "content_type": 15, "object_id": "8", "object_repr": "qsdfg", "action_flag": 3, "change_message": ""}}, {"model": "admin.logentry", "pk": 136, "fields": {"action_time": "2022-10-10T14:29:25.007Z", "user": 3, "content_type": 15, "object_id": "7", "object_repr": "fghdfm", "action_flag": 3, "change_message": ""}}, {"model": "admin.logentry", "pk": 137, "fields": {"action_time": "2022-10-10T14:29:25.009Z", "user": 3, "content_type": 15, "object_id": "6", "object_repr": "vbvb", "action_flag": 3, "change_message": ""}}, {"model": "admin.logentry", "pk": 138, "fields": {"action_time": "2022-10-10T14:29:25.010Z", "user": 3, "content_type": 15, "object_id": "5", "object_repr": "dhf", "action_flag": 3, "change_message": ""}}, {"model": "admin.logentry", "pk": 139, "fields": {"action_time": "2022-10-10T14:29:25.011Z", "user": 3, "content_type": 15, "object_id": "4", "object_repr": "ddddddddd", "action_flag": 3, "change_message": ""}}, {"model": "admin.logentry", "pk": 140, "fields": {"action_time": "2022-10-10T14:29:25.013Z", "user": 3, "content_type": 15, "object_id": "3", "object_repr": "ertyu", "action_flag": 3, "change_message": ""}}, {"model": "admin.logentry", "pk": 141, "fields": {"action_time": "2022-10-10T14:32:09.742Z", "user": 3, "content_type": 16, "object_id": "45", "object_repr": "Answer to gfsdagfdgfda", "action_flag": 2, "change_message": "[{\"changed\": {\"fields\": [\"Status\"]}}]"}}, {"model": "admin.logentry", "pk": 142, "fields": {"action_time": "2022-10-10T14:32:45.584Z", "user": 3, "content_type": 16, "object_id": "45", "object_repr": "Answer to gfsdagfdgfda", "action_flag": 2, "change_message": "[{\"changed\": {\"fields\": [\"Status\"]}}]"}}, {"model": "admin.logentry", "pk": 143, "fields": {"action_time": "2022-10-10T14:32:52.053Z", "user": 3, "content_type": 16, "object_id": "45", "object_repr": "Answer to gfsdagfdgfda", "action_flag": 2, "change_message": "[{\"changed\": {\"fields\": [\"Status\"]}}]"}}, {"model": "admin.logentry", "pk": 144, "fields": {"action_time": "2022-10-10T14:48:51.813Z", "user": 3, "content_type": 16, "object_id": "46", "object_repr": "Answer to gfsdagfdgfda", "action_flag": 2, "change_message": "[{\"changed\": {\"fields\": [\"Status\"]}}]"}}, {"model": "admin.logentry", "pk": 145, "fields": {"action_time": "2022-10-10T16:49:19.069Z", "user": 3, "content_type": 16, "object_id": "46", "object_repr": "Answer to gfsdagfdgfda", "action_flag": 2, "change_message": "[{\"changed\": {\"fields\": [\"Status\"]}}]"}}, {"model": "admin.logentry", "pk": 146, "fields": {"action_time": "2022-10-10T16:49:27.673Z", "user": 3, "content_type": 16, "object_id": "46", "object_repr": "Answer to gfsdagfdgfda", "action_flag": 2, "change_message": "[{\"changed\": {\"fields\": [\"Status\"]}}]"}}, {"model": "admin.logentry", "pk": 147, "fields": {"action_time": "2022-10-10T16:50:31.924Z", "user": 3, "content_type": 16, "object_id": "46", "object_repr": "Answer to gfsdagfdgfda", "action_flag": 2, "change_message": "[{\"changed\": {\"fields\": [\"Status\"]}}]"}}, {"model": "admin.logentry", "pk": 148, "fields": {"action_time": "2022-10-10T16:52:14.665Z", "user": 3, "content_type": 16, "object_id": "46", "object_repr": "Answer to gfsdagfdgfda", "action_flag": 2, "change_message": "[{\"changed\": {\"fields\": [\"Status\"]}}]"}}, {"model": "admin.logentry", "pk": 149, "fields": {"action_time": "2022-10-10T16:57:35.017Z", "user": 3, "content_type": 16, "object_id": "46", "object_repr": "Answer to gfsdagfdgfda", "action_flag": 2, "change_message": "[{\"changed\": {\"fields\": [\"Status\"]}}]"}}, {"model": "admin.logentry", "pk": 150, "fields": {"action_time": "2022-10-10T16:57:41.539Z", "user": 3, "content_type": 16, "object_id": "46", "object_repr": "Answer to gfsdagfdgfda", "action_flag": 2, "change_message": "[{\"changed\": {\"fields\": [\"Status\"]}}]"}}, {"model": "admin.logentry", "pk": 151, "fields": {"action_time": "2022-10-10T16:58:13.623Z", "user": 3, "content_type": 16, "object_id": "46", "object_repr": "Answer to gfsdagfdgfda", "action_flag": 2, "change_message": "[{\"changed\": {\"fields\": [\"Status\"]}}]"}}, {"model": "admin.logentry", "pk": 152, "fields": {"action_time": "2022-10-10T16:58:19.116Z", "user": 3, "content_type": 16, "object_id": "46", "object_repr": "Answer to gfsdagfdgfda", "action_flag": 2, "change_message": "[{\"changed\": {\"fields\": [\"Status\"]}}]"}}, {"model": "admin.logentry", "pk": 153, "fields": {"action_time": "2022-10-10T17:32:21.163Z", "user": 3, "content_type": 16, "object_id": "46", "object_repr": "Answer to gfsdagfdgfda", "action_flag": 2, "change_message": "[{\"changed\": {\"fields\": [\"Status\"]}}]"}}, {"model": "admin.logentry", "pk": 154, "fields": {"action_time": "2022-10-10T17:32:27.451Z", "user": 3, "content_type": 16, "object_id": "46", "object_repr": "Answer to gfsdagfdgfda", "action_flag": 2, "change_message": "[{\"changed\": {\"fields\": [\"Status\"]}}]"}}, {"model": "admin.logentry", "pk": 155, "fields": {"action_time": "2022-10-10T17:33:18.832Z", "user": 3, "content_type": 16, "object_id": "46", "object_repr": "Answer to gfsdagfdgfda", "action_flag": 2, "change_message": "[{\"changed\": {\"fields\": [\"Status\"]}}]"}}, {"model": "admin.logentry", "pk": 156, "fields": {"action_time": "2022-10-10T17:33:25.530Z", "user": 3, "content_type": 16, "object_id": "46", "object_repr": "Answer to gfsdagfdgfda", "action_flag": 2, "change_message": "[{\"changed\": {\"fields\": [\"Status\"]}}]"}}, {"model": "admin.logentry", "pk": 157, "fields": {"action_time": "2022-10-10T17:34:46.466Z", "user": 3, "content_type": 16, "object_id": "46", "object_repr": "Answer to gfsdagfdgfda", "action_flag": 2, "change_message": "[{\"changed\": {\"fields\": [\"Status\"]}}]"}}, {"model": "admin.logentry", "pk": 158, "fields": {"action_time": "2022-10-10T17:34:52.522Z", "user": 3, "content_type": 16, "object_id": "46", "object_repr": "Answer to gfsdagfdgfda", "action_flag": 2, "change_message": "[{\"changed\": {\"fields\": [\"Status\"]}}]"}}, {"model": "admin.logentry", "pk": 159, "fields": {"action_time": "2022-10-10T17:36:08.763Z", "user": 3, "content_type": 15, "object_id": "11", "object_repr": "THIS IS A QION THIS IS A QION THIS IS A QION THIS IS A QION", "action_flag": 2, "change_message": "[{\"changed\": {\"fields\": [\"Body\"]}}]"}}, {"model": "admin.logentry", "pk": 160, "fields": {"action_time": "2022-10-10T17:36:18.755Z", "user": 3, "content_type": 16, "object_id": "46", "object_repr": "Answer to THIS IS A QION THIS IS A QION THIS IS A QION THIS IS A QION", "action_flag": 2, "change_message": "[{\"changed\": {\"fields\": [\"Status\"]}}]"}}, {"model": "admin.logentry", "pk": 161, "fields": {"action_time": "2022-10-10T17:36:25.196Z", "user": 3, "content_type": 16, "object_id": "46", "object_repr": "Answer to THIS IS A QION THIS IS A QION THIS IS A QION THIS IS A QION", "action_flag": 2, "change_message": "[{\"changed\": {\"fields\": [\"Status\"]}}]"}}, {"model": "admin.logentry", "pk": 162, "fields": {"action_time": "2022-10-10T17:37:36.329Z", "user": 3, "content_type": 16, "object_id": "46", "object_repr": "Answer to THIS IS A QION THIS IS A QION THIS IS A QION THIS IS A QION", "action_flag": 2, "change_message": "[{\"changed\": {\"fields\": [\"Status\"]}}]"}}, {"model": "admin.logentry", "pk": 163, "fields": {"action_time": "2022-10-10T17:37:43.557Z", "user": 3, "content_type": 16, "object_id": "46", "object_repr": "Answer to THIS IS A QION THIS IS A QION THIS IS A QION THIS IS A QION", "action_flag": 2, "change_message": "[{\"changed\": {\"fields\": [\"Status\"]}}]"}}, {"model": "admin.logentry", "pk": 164, "fields": {"action_time": "2022-10-10T17:38:31.203Z", "user": 3, "content_type": 16, "object_id": "46", "object_repr": "Answer to THIS IS A QION THIS IS A QION THIS IS A QION THIS IS A QION", "action_flag": 2, "change_message": "[{\"changed\": {\"fields\": [\"Status\"]}}]"}}, {"model": "admin.logentry", "pk": 165, "fields": {"action_time": "2022-10-10T17:38:36.222Z", "user": 3, "content_type": 16, "object_id": "46", "object_repr": "Answer to THIS IS A QION THIS IS A QION THIS IS A QION THIS IS A QION", "action_flag": 2, "change_message": "[{\"changed\": {\"fields\": [\"Status\"]}}]"}}, {"model": "admin.logentry", "pk": 166, "fields": {"action_time": "2022-10-10T18:41:03.972Z", "user": 3, "content_type": 16, "object_id": "46", "object_repr": "Answer to THIS IS A QION THIS IS A QION THIS IS A QION THIS IS A QION", "action_flag": 2, "change_message": "[{\"changed\": {\"fields\": [\"Status\"]}}]"}}, {"model": "admin.logentry", "pk": 167, "fields": {"action_time": "2022-10-10T18:41:11.060Z", "user": 3, "content_type": 16, "object_id": "46", "object_repr": "Answer to THIS IS A QION THIS IS A QION THIS IS A QION THIS IS A QION", "action_flag": 2, "change_message": "[{\"changed\": {\"fields\": [\"Status\"]}}]"}}, {"model": "admin.logentry", "pk": 168, "fields": {"action_time": "2022-10-11T12:14:05.749Z", "user": 3, "content_type": 15, "object_id": "12", "object_repr": "mnmnm", "action_flag": 2, "change_message": "[{\"changed\": {\"fields\": [\"Status\"]}}]"}}, {"model": "admin.logentry", "pk": 169, "fields": {"action_time": "2022-10-11T12:15:53.266Z", "user": 3, "content_type": 16, "object_id": "47", "object_repr": "Answer to mnmnm", "action_flag": 2, "change_message": "[{\"changed\": {\"fields\": [\"Status\"]}}]"}}, {"model": "admin.logentry", "pk": 170, "fields": {"action_time": "2022-10-11T18:55:24.639Z", "user": 3, "content_type": 15, "object_id": "13", "object_repr": "check", "action_flag": 2, "change_message": "[{\"changed\": {\"fields\": [\"Status\"]}}]"}}, {"model": "admin.logentry", "pk": 171, "fields": {"action_time": "2022-10-11T18:56:06.278Z", "user": 3, "content_type": 16, "object_id": "50", "object_repr": "Answer to check", "action_flag": 2, "change_message": "[{\"changed\": {\"fields\": [\"Status\"]}}]"}}, {"model": "admin.logentry", "pk": 172, "fields": {"action_time": "2022-10-11T18:59:15.286Z", "user": 3, "content_type": 15, "object_id": "15", "object_repr": "no check", "action_flag": 2, "change_message": "[{\"changed\": {\"fields\": [\"Status\"]}}]"}}, {"model": "admin.logentry", "pk": 173, "fields": {"action_time": "2022-10-11T18:59:50.359Z", "user": 3, "content_type": 16, "object_id": "51", "object_repr": "Answer to no check", "action_flag": 2, "change_message": "[{\"changed\": {\"fields\": [\"Status\"]}}]"}}, {"model": "admin.logentry", "pk": 174, "fields": {"action_time": "2022-10-12T11:39:39.499Z", "user": 3, "content_type": 16, "object_id": "53", "object_repr": "Answer to no check", "action_flag": 2, "change_message": "[{\"changed\": {\"fields\": [\"Status\"]}}]"}}, {"model": "admin.logentry", "pk": 175, "fields": {"action_time": "2022-10-12T11:39:45.967Z", "user": 3, "content_type": 16, "object_id": "53", "object_repr": "Answer to no check", "action_flag": 2, "change_message": "[{\"changed\": {\"fields\": [\"Status\"]}}]"}}, {"model": "admin.logentry", "pk": 176, "fields": {"action_time": "2022-10-12T11:40:25.555Z", "user": 3, "content_type": 16, "object_id": "54", "object_repr": "Answer to check", "action_flag": 2, "change_message": "[{\"changed\": {\"fields\": [\"Status\"]}}]"}}, {"model": "admin.logentry", "pk": 177, "fields": {"action_time": "2022-10-12T11:40:34.318Z", "user": 3, "content_type": 16, "object_id": "54", "object_repr": "Answer to check", "action_flag": 2, "change_message": "[{\"changed\": {\"fields\": [\"Status\"]}}]"}}, {"model": "admin.logentry", "pk": 178, "fields": {"action_time": "2022-10-14T22:35:25.431Z", "user": 3, "content_type": 13, "object_id": "6", "object_repr": "test product (tutor)", "action_flag": 3, "change_message": ""}}, {"model": "admin.logentry", "pk": 179, "fields": {"action_time": "2022-10-14T22:35:25.434Z", "user": 3, "content_type": 13, "object_id": "5", "object_repr": "nnn", "action_flag": 3, "change_message": ""}}, {"model": "admin.logentry", "pk": 180, "fields": {"action_time": "2022-10-14T22:35:25.435Z", "user": 3, "content_type": 13, "object_id": "4", "object_repr": "ddddd", "action_flag": 3, "change_message": ""}}, {"model": "admin.logentry", "pk": 181, "fields": {"action_time": "2022-10-14T22:35:25.437Z", "user": 3, "content_type": 13, "object_id": "3", "object_repr": "ccc", "action_flag": 3, "change_message": ""}}, {"model": "admin.logentry", "pk": 182, "fields": {"action_time": "2022-10-15T12:38:53.320Z", "user": 3, "content_type": 13, "object_id": "7", "object_repr": "qqq", "action_flag": 3, "change_message": ""}}, {"model": "admin.logentry", "pk": 183, "fields": {"action_time": "2022-10-15T13:05:26.364Z", "user": 3, "content_type": 14, "object_id": "1", "object_repr": "Bratwurst", "action_flag": 1, "change_message": "[{\"added\": {}}]"}}, {"model": "admin.logentry", "pk": 184, "fields": {"action_time": "2022-10-15T13:06:03.093Z", "user": 3, "content_type": 14, "object_id": "2", "object_repr": "Schnitzel", "action_flag": 1, "change_message": "[{\"added\": {}}]"}}, {"model": "admin.logentry", "pk": 185, "fields": {"action_time": "2022-10-15T20:22:03.105Z", "user": 3, "content_type": 13, "object_id": "1", "object_repr": "Pork", "action_flag": 1, "change_message": "[{\"added\": {}}]"}}, {"model": "admin.logentry", "pk": 186, "fields": {"action_time": "2022-10-18T16:13:02.185Z", "user": 3, "content_type": 13, "object_id": "14", "object_repr": "ew", "action_flag": 1, "change_message": "[{\"added\": {}}]"}}, {"model": "admin.logentry", "pk": 187, "fields": {"action_time": "2022-12-11T17:21:39.636Z", "user": 3, "content_type": 16, "object_id": "61", "object_repr": "Answer to THIS IS A QION THIS IS A QION THIS IS A QION THIS IS A QION", "action_flag": 2, "change_message": "[{\"changed\": {\"fields\": [\"Status\"]}}]"}}, {"model": "admin.logentry", "pk": 188, "fields": {"action_time": "2022-12-11T17:30:01.899Z", "user": 3, "content_type": 15, "object_id": "21", "object_repr": "dec 11 test, email checked", "action_flag": 2, "change_message": "[{\"changed\": {\"fields\": [\"Status\"]}}]"}}, {"model": "admin.logentry", "pk": 189, "fields": {"action_time": "2022-12-19T13:17:52.665Z", "user": 3, "content_type": 22, "object_id": "1", "object_repr": "Test", "action_flag": 1, "change_message": "[{\"added\": {}}]"}}, {"model": "admin.logentry", "pk": 190, "fields": {"action_time": "2022-12-19T15:18:15.643Z", "user": 3, "content_type": 22, "object_id": "1", "object_repr": "Test", "action_flag": 3, "change_message": ""}}, {"model": "admin.logentry", "pk": 191, "fields": {"action_time": "2022-12-19T20:42:07.970Z", "user": 3, "content_type": 22, "object_id": "1", "object_repr": "an event", "action_flag": 1, "change_message": "[{\"added\": {}}]"}}, {"model": "admin.logentry", "pk": 192, "fields": {"action_time": "2022-12-20T14:59:20.264Z", "user": 3, "content_type": 13, "object_id": "23", "object_repr": "eeeee", "action_flag": 1, "change_message": "[{\"added\": {}}]"}}, {"model": "admin.logentry", "pk": 193, "fields": {"action_time": "2022-12-20T15:02:24.585Z", "user": 3, "content_type": 13, "object_id": "25", "object_repr": "Test Product", "action_flag": 1, "change_message": "[{\"added\": {}}]"}}, {"model": "admin.logentry", "pk": 194, "fields": {"action_time": "2022-12-20T15:06:17.132Z", "user": 3, "content_type": 13, "object_id": "26", "object_repr": "Test", "action_flag": 2, "change_message": "[{\"changed\": {\"fields\": [\"Name\"]}}]"}}, {"model": "admin.logentry", "pk": 195, "fields": {"action_time": "2022-12-20T16:48:40.502Z", "user": 3, "content_type": 13, "object_id": "27", "object_repr": "others", "action_flag": 3, "change_message": ""}}, {"model": "admin.logentry", "pk": 196, "fields": {"action_time": "2022-12-20T16:48:40.505Z", "user": 3, "content_type": 13, "object_id": "26", "object_repr": "Test", "action_flag": 3, "change_message": ""}}, {"model": "admin.logentry", "pk": 197, "fields": {"action_time": "2022-12-20T16:48:40.507Z", "user": 3, "content_type": 13, "object_id": "23", "object_repr": "eeeee", "action_flag": 3, "change_message": ""}}, {"model": "admin.logentry", "pk": 198, "fields": {"action_time": "2023-01-01T22:38:45.797Z", "user": 3, "content_type": 22, "object_id": "1", "object_repr": "an event", "action_flag": 2, "change_message": "[{\"changed\": {\"fields\": [\"Link\"]}}]"}}, {"model": "admin.logentry", "pk": 199, "fields": {"action_time": "2023-01-02T11:35:40.380Z", "user": 3, "content_type": 22, "object_id": "1", "object_repr": "an event", "action_flag": 2, "change_message": "[{\"changed\": {\"fields\": [\"Date\"]}}]"}}, {"model": "admin.logentry", "pk": 200, "fields": {"action_time": "2023-01-02T12:28:17.011Z", "user": 3, "content_type": 7, "object_id": "1", "object_repr": "127.0.0.1:8000", "action_flag": 2, "change_message": "[{\"changed\": {\"fields\": [\"Display name\"]}}]"}}, {"model": "admin.logentry", "pk": 201, "fields": {"action_time": "2023-01-02T13:00:04.299Z", "user": 3, "content_type": 7, "object_id": "1", "object_repr": "ecomm-gw.herokuapp.com/", "action_flag": 2, "change_message": "[{\"changed\": {\"fields\": [\"Domain name\"]}}]"}}, {"model": "admin.logentry", "pk": 202, "fields": {"action_time": "2023-01-02T13:01:44.894Z", "user": 3, "content_type": 7, "object_id": "1", "object_repr": "ecomm-gw.herokuapp.com", "action_flag": 2, "change_message": "[{\"changed\": {\"fields\": [\"Domain name\"]}}]"}}, {"model": "admin.logentry", "pk": 203, "fields": {"action_time": "2023-01-03T13:34:27.828Z", "user": 3, "content_type": 13, "object_id": "30", "object_repr": "Bratwurst", "action_flag": 2, "change_message": "[{\"changed\": {\"fields\": [\"Name\"]}}]"}}, {"model": "admin.logentry", "pk": 204, "fields": {"action_time": "2023-01-03T13:35:43.665Z", "user": 3, "content_type": 13, "object_id": "30", "object_repr": "Bratwurst", "action_flag": 2, "change_message": "[]"}}, {"model": "admin.logentry", "pk": 205, "fields": {"action_time": "2023-01-10T16:06:27.762Z", "user": 3, "content_type": 22, "object_id": "2", "object_repr": "New", "action_flag": 1, "change_message": "[{\"added\": {}}]"}}, {"model": "admin.logentry", "pk": 206, "fields": {"action_time": "2023-01-11T12:11:08.451Z", "user": 3, "content_type": 22, "object_id": "3", "object_repr": "rr", "action_flag": 1, "change_message": "[{\"added\": {}}]"}}, {"model": "admin.logentry", "pk": 207, "fields": {"action_time": "2023-01-11T12:11:31.002Z", "user": 3, "content_type": 22, "object_id": "4", "object_repr": "eeee", "action_flag": 1, "change_message": "[{\"added\": {}}]"}}, {"model": "admin.logentry", "pk": 208, "fields": {"action_time": "2023-01-21T13:12:41.655Z", "user": 3, "content_type": 14, "object_id": "2", "object_repr": "Currywurst", "action_flag": 2, "change_message": "[{\"changed\": {\"fields\": [\"Name\"]}}]"}}, {"model": "admin.logentry", "pk": 209, "fields": {"action_time": "2023-01-21T13:12:52.906Z", "user": 3, "content_type": 14, "object_id": "3", "object_repr": "Burger", "action_flag": 1, "change_message": "[{\"added\": {}}]"}}, {"model": "admin.logentry", "pk": 210, "fields": {"action_time": "2023-02-01T13:20:56.999Z", "user": 3, "content_type": 22, "object_id": "4", "object_repr": "eeee", "action_flag": 2, "change_message": "[{\"changed\": {\"fields\": [\"Image\"]}}]"}}, {"model": "admin.logentry", "pk": 211, "fields": {"action_time": "2023-02-01T14:09:31.406Z", "user": 3, "content_type": 14, "object_id": "2", "object_repr": "Chicken", "action_flag": 2, "change_message": "[{\"changed\": {\"fields\": [\"Name\"]}}]"}}, {"model": "admin.logentry", "pk": 212, "fields": {"action_time": "2023-02-04T14:00:36.635Z", "user": 3, "content_type": 22, "object_id": "4", "object_repr": "eeee", "action_flag": 3, "change_message": ""}}, {"model": "admin.logentry", "pk": 213, "fields": {"action_time": "2023-02-04T14:00:36.638Z", "user": 3, "content_type": 22, "object_id": "3", "object_repr": "rr", "action_flag": 3, "change_message": ""}}, {"model": "admin.logentry", "pk": 214, "fields": {"action_time": "2023-02-04T14:00:36.640Z", "user": 3, "content_type": 22, "object_id": "2", "object_repr": "New", "action_flag": 3, "change_message": ""}}, {"model": "admin.logentry", "pk": 215, "fields": {"action_time": "2023-02-04T14:00:36.644Z", "user": 3, "content_type": 22, "object_id": "1", "object_repr": "an event", "action_flag": 3, "change_message": ""}}, {"model": "admin.logentry", "pk": 216, "fields": {"action_time": "2023-02-04T14:25:43.165Z", "user": 3, "content_type": 22, "object_id": "5", "object_repr": "Windmill", "action_flag": 1, "change_message": "[{\"added\": {}}]"}}, {"model": "admin.logentry", "pk": 217, "fields": {"action_time": "2023-02-04T14:26:52.741Z", "user": 3, "content_type": 22, "object_id": "6", "object_repr": "Glastonbury", "action_flag": 1, "change_message": "[{\"added\": {}}]"}}, {"model": "admin.logentry", "pk": 218, "fields": {"action_time": "2023-02-04T14:28:33.069Z", "user": 3, "content_type": 22, "object_id": "7", "object_repr": "Opera House", "action_flag": 1, "change_message": "[{\"added\": {}}]"}}, {"model": "admin.logentry", "pk": 219, "fields": {"action_time": "2023-02-04T14:29:33.494Z", "user": 3, "content_type": 22, "object_id": "8", "object_repr": "Leeds Market", "action_flag": 1, "change_message": "[{\"added\": {}}]"}}, {"model": "admin.logentry", "pk": 220, "fields": {"action_time": "2023-02-04T14:30:35.629Z", "user": 3, "content_type": 22, "object_id": "9", "object_repr": "Leeds", "action_flag": 1, "change_message": "[{\"added\": {}}]"}}, {"model": "admin.logentry", "pk": 221, "fields": {"action_time": "2023-02-04T14:31:10.921Z", "user": 3, "content_type": 22, "object_id": "10", "object_repr": "Tramlines", "action_flag": 1, "change_message": "[{\"added\": {}}]"}}, {"model": "admin.logentry", "pk": 222, "fields": {"action_time": "2023-02-07T15:07:38.877Z", "user": 3, "content_type": 13, "object_id": "44", "object_repr": "Chilli Brat", "action_flag": 2, "change_message": "[{\"changed\": {\"fields\": [\"Image\"]}}]"}}, {"model": "admin.logentry", "pk": 223, "fields": {"action_time": "2023-02-07T15:09:51.650Z", "user": 3, "content_type": 13, "object_id": "44", "object_repr": "Chilli Brat", "action_flag": 2, "change_message": "[{\"changed\": {\"fields\": [\"Image\"]}}]"}}, {"model": "admin.logentry", "pk": 224, "fields": {"action_time": "2023-02-07T15:10:38.302Z", "user": 3, "content_type": 13, "object_id": "44", "object_repr": "Chilli Brat", "action_flag": 2, "change_message": "[{\"changed\": {\"fields\": [\"Image\"]}}]"}}, {"model": "admin.logentry", "pk": 225, "fields": {"action_time": "2023-02-07T15:13:38.542Z", "user": 3, "content_type": 13, "object_id": "58", "object_repr": "rrr", "action_flag": 2, "change_message": "[{\"changed\": {\"fields\": [\"Image\"]}}]"}}, {"model": "admin.logentry", "pk": 226, "fields": {"action_time": "2023-02-07T15:14:19.000Z", "user": 3, "content_type": 13, "object_id": "58", "object_repr": "rrr", "action_flag": 2, "change_message": "[{\"changed\": {\"fields\": [\"Image\"]}}]"}}, {"model": "admin.logentry", "pk": 227, "fields": {"action_time": "2023-02-07T15:15:00.342Z", "user": 3, "content_type": 13, "object_id": "58", "object_repr": "rrr", "action_flag": 3, "change_message": ""}}, {"model": "admin.logentry", "pk": 228, "fields": {"action_time": "2023-02-07T15:16:13.740Z", "user": 3, "content_type": 13, "object_id": "44", "object_repr": "Chilli Brat", "action_flag": 2, "change_message": "[{\"changed\": {\"fields\": [\"Image\"]}}]"}}, {"model": "admin.logentry", "pk": 229, "fields": {"action_time": "2023-02-07T15:17:04.287Z", "user": 3, "content_type": 13, "object_id": "44", "object_repr": "Chilli Brat", "action_flag": 3, "change_message": ""}}, {"model": "admin.logentry", "pk": 230, "fields": {"action_time": "2023-02-13T10:37:24.586Z", "user": 3, "content_type": 22, "object_id": "10", "object_repr": "Tramlines", "action_flag": 2, "change_message": "[{\"changed\": {\"fields\": [\"Image\"]}}]"}}, {"model": "admin.logentry", "pk": 231, "fields": {"action_time": "2023-02-13T10:43:52.557Z", "user": 3, "content_type": 13, "object_id": "50", "object_repr": "Seriously Salsa", "action_flag": 2, "change_message": "[{\"changed\": {\"fields\": [\"Image\"]}}]"}}, {"model": "admin.logentry", "pk": 232, "fields": {"action_time": "2023-02-13T10:48:34.038Z", "user": 3, "content_type": 22, "object_id": "8", "object_repr": "Leeds Market", "action_flag": 2, "change_message": "[{\"changed\": {\"fields\": [\"Image\"]}}]"}}, {"model": "admin.logentry", "pk": 233, "fields": {"action_time": "2023-02-16T14:47:29.391Z", "user": 3, "content_type": 13, "object_id": "56", "object_repr": "Hot Wings", "action_flag": 2, "change_message": "[{\"changed\": {\"fields\": [\"Image\"]}}]"}}, {"model": "admin.logentry", "pk": 234, "fields": {"action_time": "2023-02-16T14:47:50.101Z", "user": 3, "content_type": 13, "object_id": "55", "object_repr": "Satay Wings", "action_flag": 2, "change_message": "[{\"changed\": {\"fields\": [\"Image\"]}}]"}}, {"model": "admin.logentry", "pk": 235, "fields": {"action_time": "2023-02-16T14:53:09.400Z", "user": 3, "content_type": 13, "object_id": "54", "object_repr": "Honey Wings", "action_flag": 2, "change_message": "[{\"changed\": {\"fields\": [\"Name\", \"Short description\", \"Description\", \"Image\"]}}]"}}, {"model": "admin.logentry", "pk": 236, "fields": {"action_time": "2023-02-16T14:55:57.587Z", "user": 3, "content_type": 22, "object_id": "10", "object_repr": "Tramlines", "action_flag": 2, "change_message": "[{\"changed\": {\"fields\": [\"Image\"]}}]"}}, {"model": "admin.logentry", "pk": 237, "fields": {"action_time": "2023-02-16T14:56:19.001Z", "user": 3, "content_type": 22, "object_id": "9", "object_repr": "Leeds Football", "action_flag": 2, "change_message": "[{\"changed\": {\"fields\": [\"Name\", \"Image\"]}}]"}}, {"model": "admin.logentry", "pk": 238, "fields": {"action_time": "2023-02-16T14:56:27.639Z", "user": 3, "content_type": 22, "object_id": "8", "object_repr": "Leeds Market", "action_flag": 2, "change_message": "[{\"changed\": {\"fields\": [\"Image\"]}}]"}}, {"model": "admin.logentry", "pk": 239, "fields": {"action_time": "2023-02-16T14:56:35.279Z", "user": 3, "content_type": 22, "object_id": "7", "object_repr": "Opera House", "action_flag": 2, "change_message": "[{\"changed\": {\"fields\": [\"Image\"]}}]"}}, {"model": "admin.logentry", "pk": 240, "fields": {"action_time": "2023-02-16T14:56:44.576Z", "user": 3, "content_type": 22, "object_id": "6", "object_repr": "Glastonbury", "action_flag": 2, "change_message": "[{\"changed\": {\"fields\": [\"Image\"]}}]"}}, {"model": "admin.logentry", "pk": 241, "fields": {"action_time": "2023-02-16T14:56:53.830Z", "user": 3, "content_type": 22, "object_id": "5", "object_repr": "Windmill", "action_flag": 2, "change_message": "[{\"changed\": {\"fields\": [\"Image\"]}}]"}}, {"model": "auth.user", "pk": 1, "fields": {"password": "pbkdf2_sha256$260000$rnh6eaOlsffLDjg110MIcS$h4OfTpsRn5GPDTNIuJqYoAX2E57k5n1abTm77EHU76Y=", "last_login": "2022-10-05T10:38:22.172Z", "is_superuser": true, "username": "admin", "first_name": "", "last_name": "", "email": "a@a.com", "is_staff": true, "is_active": true, "date_joined": "2022-09-02T07:04:04.068Z", "groups": [], "user_permissions": []}}, {"model": "auth.user", "pk": 2, "fields": {"password": "pbkdf2_sha256$180000$yCZQQRdvmQGF$IP5afQnpU4cxiTK/ANVaZJesAcyqJWPUy+xImNXEEsQ=", "last_login": null, "is_superuser": false, "username": "ssss", "first_name": "", "last_name": "", "email": "s@s.com", "is_staff": false, "is_active": true, "date_joined": "2022-09-02T14:45:45.150Z", "groups": [], "user_permissions": []}}, {"model": "auth.user", "pk": 3, "fields": {"password": "pbkdf2_sha256$260000$V73uaDN1wO8kPnRNQvHAEP$XbSdMzFHQzVWbB9MU5xSlDFpoaBsyVoZoDok0MhPyRM=", "last_login": "2023-02-16T14:39:14.194Z", "is_superuser": true, "username": "gitpod", "first_name": "", "last_name": "", "email": "g@g.com", "is_staff": true, "is_active": true, "date_joined": "2022-10-05T10:39:25.823Z", "groups": [], "user_permissions": []}}, {"model": "auth.user", "pk": 4, "fields": {"password": "pbkdf2_sha256$260000$Y4mIJZjZ5gsr3LxVi7Pojb$C2yvyMMKHDCE9MiijWwWiWWBXDkBlNFUItKbzyxAb4Q=", "last_login": "2022-12-11T17:27:26.308Z", "is_superuser": false, "username": "bmbmbm", "first_name": "", "last_name": "", "email": "bm@bm.com", "is_staff": false, "is_active": true, "date_joined": "2022-12-11T17:18:23.425Z", "groups": [], "user_permissions": []}}, {"model": "auth.user", "pk": 5, "fields": {"password": "pbkdf2_sha256$260000$5IxhwPLztXxqXMVqiWTkME$A/VeXiN64XaoVd5IU/oQoY1zGMW3MRiHw3hcTODz8S4=", "last_login": null, "is_superuser": false, "username": "newuser", "first_name": "", "last_name": "", "email": "mjjstockman@gmail.com", "is_staff": false, "is_active": true, "date_joined": "2023-01-02T12:23:26.481Z", "groups": [], "user_permissions": []}}, {"model": "auth.user", "pk": 6, "fields": {"password": "pbkdf2_sha256$260000$o8FQHSaB7pGfkDK0vQkukZ$+fxvoOWui35Nf17iOYQW3TUXMMdeiAn52f4Vsr1AMfg=", "last_login": null, "is_superuser": false, "username": "nmnmnmnmnm", "first_name": "", "last_name": "", "email": "bbb@w.com", "is_staff": false, "is_active": true, "date_joined": "2023-01-22T11:21:54.338Z", "groups": [], "user_permissions": []}}, {"model": "auth.user", "pk": 7, "fields": {"password": "pbkdf2_sha256$260000$uIwOFFfhwyr61QYToNjNpe$FN9OvweVbIONcYVDtSOBTkm4sn0TQpCRroEJndLsTUg=", "last_login": "2023-02-04T13:14:33.061Z", "is_superuser": false, "username": "ferer", "first_name": "", "last_name": "", "email": "b@d.com", "is_staff": false, "is_active": true, "date_joined": "2023-02-04T13:14:11.244Z", "groups": [], "user_permissions": []}}, {"model": "auth.user", "pk": 8, "fields": {"password": "pbkdf2_sha256$260000$Lr7kjKOXrPm1AhucKgTtTt$v+t+926+UQ4l6eFES83mvy7WOXfZtLPaCFo9g8wZQVM=", "last_login": null, "is_superuser": false, "username": "opopop", "first_name": "", "last_name": "", "email": "r@r.com", "is_staff": false, "is_active": true, "date_joined": "2023-02-04T13:15:28.261Z", "groups": [], "user_permissions": []}}, {"model": "auth.user", "pk": 9, "fields": {"password": "pbkdf2_sha256$260000$J6sliWmxDBRQnA4sCRh4Os$wmdzQOIRgUZj7oNvHRSB2QKjEH/pM5sVLEoihEH2nS4=", "last_login": null, "is_superuser": false, "username": "oooo", "first_name": "", "last_name": "", "email": "o@o.com", "is_staff": false, "is_active": true, "date_joined": "2023-02-04T13:48:06.788Z", "groups": [], "user_permissions": []}}, {"model": "auth.user", "pk": 10, "fields": {"password": "pbkdf2_sha256$260000$TZ3wG5Q5UGaLqoqGI2SmGX$KP1oyo7uqDmGep0P6ltSQRTXYj3lufFj6dPX8m+0PVU=", "last_login": null, "is_superuser": false, "username": "again", "first_name": "", "last_name": "", "email": "n@n.com", "is_staff": false, "is_active": true, "date_joined": "2024-11-22T14:36:24.187Z", "groups": [], "user_permissions": []}}, {"model": "sessions.session", "pk": "0fmw8ijy686msq3mffl0xj86lnawvgbj", "fields": {"session_data": ".eJxVzEHPgjAMgOH_0jMhG-AUjybf0XjQeDGGdF0RPnElbJyM_91hvHhr-j7tE4JQjwMSyexjEyJGhu3lCeMkxCHAFga59R4yCCRjapBGnGPXjDjhYwHwyqA7Hg7xXEX5O0W4ZtB8yBx4anqXTAk_O4t0Z78E94_-JjmJj1Nv84Xk3xryvTgedl_786DD0KXrVmNplOVS2U2LxrKj9ao2lhRWtV2jdq5Qpqi1YcXUOsXJrLCoHKFWpOH1Bv_mVlo:1og44C:W9ndZ17DyGKqGrjMdnw8glEYaEE90dwGmfGwSJ4p8-U", "expire_date": "2022-10-19T13:04:04.966Z"}}, {"model": "sessions.session", "pk": "0htsb6ooiq0cpawxjdss0co5t4rlr7ks", "fields": {"session_data": ".eJxVjEsOwjAMBe-SNYqcflLaJXvOENmxSwMoQUkrgRB3p5W6gO2befNWDpd5ckuR7AKrQdXq8LsR-pvEDfAV4yVpn-KcA-lN0Tst-pxY7qfd_QtMWKb1PRqsLZDUQMcRLQn7ru0tecCmpw4NcwW26o0VED8yyOq0WDXs0YA3W7RIKSFFJ89HyC81wOcLyLtAOQ:1pDV6R:lLNEakpXihlpcYHRbjwtbKy3c3TOWwWtDfpY-3n4UZs", "expire_date": "2023-01-19T18:36:35.981Z"}}, {"model": "sessions.session", "pk": "15dvfgbjusopnbaljj7o1haeeff7usjw", "fields": {"session_data": ".eJxVjEsOwjAMBe-SNYqcflLaJXvOENmxSwMoQUkrgRB3p5W6gO2befNWDpd5ckuR7AKrQdXq8LsR-pvEDfAV4yVpn-KcA-lN0Tst-pxY7qfd_QtMWKb1PRqsLZDUQMcRLQn7ru0tecCmpw4NcwW26o0VED8yyOq0WDXs0YA3W7RIKSFFJ89HyC81wOcLyLtAOQ:1pMYlN:pykI2b4RCWPHNYMs1cXf-Vah3A99AHXIBXJ5BR_BmYM", "expire_date": "2023-02-13T18:20:17.915Z"}}, {"model": "sessions.session", "pk": "1c3kvcd64ko5gzs34p0uu27gp7yvd6vg", "fields": {"session_data": ".eJxVjMsOgjAUBf-la9PcUiji0r3f0NxXLWpoQmFl_HchYaHbMzPnbSKuS45r1TmOYi7Gm9PvRshPnXYgD5zuxXKZlnkkuyv2oNXeiujrerh_Bxlr3urk0Acg9UDnhIFUuO-GQAzYDtSjE2kgNIMLCspJQDenw6YVRgfszOcLCsQ4_A:1pChSB:xALrOVQsHE-Op9dYoBJL5mMxuVA63lGCMPFKTM1WwQY", "expire_date": "2023-01-17T13:35:43.786Z"}}, {"model": "sessions.session", "pk": "1d1l7klhqvxw0osvngbmxoevb6oak79c", "fields": {"session_data": ".eJxVjMsOwiAQRf9l1g2BPqhl6d5vIANMLWrAADWapv9um3Sh23vOPQtonMuk50xJewcKGqh-N4P2TmEH7obhGpmNoSRv2K6wg2Z2iY4e58P9C0yYp-09CmwkN9RwcxpRGnK27wZpLMd2MD0K52ou60FI4mRHx2lzOqxbZ1FwK_Zoppx9DJreT58-oHgFGV-kfRgjqJJmqsBiKqAWaDtQYl2_x6NKwQ:1pPrh7:Qx6XqvusCbTrIv5NEoLCiBzea-mA4_VQEKqsD48I_7c", "expire_date": "2023-02-22T21:09:33.183Z"}}, {"model": "sessions.session", "pk": "1m3yjc8svbxrhxvnve3qhoso2gvor6pr", "fields": {"session_data": "e30:1oqZeD:-i0leZfBzluovj75DT3woi3zhBpD31T1_BjoifaVqnw", "expire_date": "2022-11-17T12:48:41.032Z"}}, {"model": "sessions.session", "pk": "20oxufeemefc3k86glc7tm3dcrq7skgn", "fields": {"session_data": ".eJxVjEsOwjAMBe-SNYqcflLaJXvOENmxSwMoQUkrgRB3p5W6gO2befNWDpd5ckuR7AKrQdXq8LsR-pvEDfAV4yVpn-KcA-lN0Tst-pxY7qfd_QtMWKb1PRqsLZDUQMcRLQn7ru0tecCmpw4NcwW26o0VED8yyOq0WDXs0YA3W7RIKSFFJ89HyC81wOcLyLtAOQ:1oie59:aQSvtRztwinuWBOQ6psyMA-SUQnJ0_8YAPGONRnGaxE", "expire_date": "2022-10-26T15:55:43.120Z"}}, {"model": "sessions.session", "pk": "2cruip6i1v80e0r87xfrh8cwl7ly1wdg", "fields": {"session_data": ".eJxVjMsOgjAQRf-la9NMeRRh6d5vaKYzg1RNMS0kGsK_CwkbtvecexZFmCbVLetFOZynwc1ZkgusOlWq0-aRXhJ3wE-Mj1HTGKcUvN4VfdCs7yPL-3a4p8CAedjevcHSgpcS_LVH64WpqVvrCbBqfYOGuQBbtMYKCPUMsjk1FhUTGiCzR7PkHMbo5PsJ6ac6WP9R_kOF:1p3dBT:bMVmlFCOkX7eWaFMxQBDQXCRXpadBKWEG4JhLvmRLcE", "expire_date": "2022-12-23T13:12:59.637Z"}}, {"model": "sessions.session", "pk": "2l1kqxx7uqg3o7k1xzqk7p7byuh78lvh", "fields": {"session_data": ".eJxVjEsOwjAMBe-SNYqcflLaJXvOENmxSwMoQUkrgRB3p5W6gO2befNWDpd5ckuR7AKrQdXq8LsR-pvEDfAV4yVpn-KcA-lN0Tst-pxY7qfd_QtMWKb1PRqsLZDUQMcRLQn7ru0tecCmpw4NcwW26o0VED8yyOq0WDXs0YA3W7RIKSFFJ89HyC81wOcLyLtAOQ:1pCfjm:-mHH3rDWfYo8Idaqwl6VonhEHjNA0uDO94yU-BvztnQ", "expire_date": "2023-01-17T11:45:46.971Z"}}, {"model": "sessions.session", "pk": "2odeloxg8tp28vklndh7f0knamg02us1", "fields": {"session_data": "e30:1og1nC:B9r1eYV5fJBgpB8riQU0r-52iimbXjCTXrNPzyR1aLo", "expire_date": "2022-10-19T10:38:22.170Z"}}, {"model": "sessions.session", "pk": "3pikm0a31kxqv2cwrqenz31naovv7umf", "fields": {"session_data": ".eJxVjEsOwjAMBe-SNYqcflLaJXvOENmxSwMoQUkrgRB3p5W6gO2befNWDpd5ckuR7AKrQdXq8LsR-pvEDfAV4yVpn-KcA-lN0Tst-pxY7qfd_QtMWKb1PRqsLZDUQMcRLQn7ru0tecCmpw4NcwW26o0VED8yyOq0WDXs0YA3W7RIKSFFJ89HyC81wOcLyLtAOQ:1ojmnF:UfyWgj2uNHybDRdY_PobGh1-FrPRxkGvoB4JwV9t3m0", "expire_date": "2022-10-29T19:25:57.225Z"}}, {"model": "sessions.session", "pk": "4bkx6obbbud6rykwwj2daqfcp4bcaxp9", "fields": {"session_data": ".eJxVjEsOwjAMBe-SNYqcflLaJXvOENmxSwMoQUkrgRB3p5W6gO2befNWDpd5ckuR7AKrQdXq8LsR-pvEDfAV4yVpn-KcA-lN0Tst-pxY7qfd_QtMWKb1PRqsLZDUQMcRLQn7ru0tecCmpw4NcwW26o0VED8yyOq0WDXs0YA3W7RIKSFFJ89HyC81wOcLyLtAOQ:1pMS2O:XKT-nMiTK8kCysnjJkNrjJ8dPWq2vX1z_40pqhZbEdo", "expire_date": "2023-02-13T11:09:24.497Z"}}, {"model": "sessions.session", "pk": "4lv8cthkknytcz0iq0jl05r379vahr44", "fields": {"session_data": ".eJxVjMsOgjAUBf-la9PcUiji0r3f0NxXLWpoQmFl_HchYaHbMzPnbSKuS45r1TmOYi7Gm9PvRshPnXYgD5zuxXKZlnkkuyv2oNXeiujrerh_Bxlr3urk0Acg9UDnhIFUuO-GQAzYDtSjE2kgNIMLCspJQDenw6YVRgfszOcLCsQ4_A:1ojnfX:dTO5L9KlehSrzI6R198nrH0sJgF8asmye0nwkyk7gU8", "expire_date": "2022-10-29T20:22:03.223Z"}}, {"model": "sessions.session", "pk": "5rk7j4t719nzrxv4cq7vllr1fvhwu2nj", "fields": {"session_data": ".eJxVjDFPwzAQhf_LzVGwk9YlGSsGBhhgRcg6ny-NIbEj20FFVf87DurS7d5733cXSIEcTkgUVp91ypgZ-o8LeD5n6OEBKlhiIE6ppCmcnC9NorAUDMqJax71ghHnDYBrBU_y5W3-md7ndnyGzwp0KrILXvN5cfEXetmITglRln95TRy1s8Vu4a4zSN_st8F-oT-FmoLP0Zl6Q-rbmurXYHk63ti7ByOmsdiDxFYJw60wjwMqw5YO-04ZErjrzAGltY1QTScVC6bBCi7MHpudJZSCJFz_AE7bYWE:1oia6E:CReTFq6I1c82ifs3VgkwwDMMfQb8khL81ziWu2r98Ww", "expire_date": "2022-10-26T11:40:34.420Z"}}, {"model": "sessions.session", "pk": "5y0ehh3y9cjkyq7zl22qaa4tdft589zm", "fields": {"session_data": ".eJxVjEsOwjAMBe-SNYqcflLaJXvOENmxSwMoQUkrgRB3p5W6gO2befNWDpd5ckuR7AKrQdXq8LsR-pvEDfAV4yVpn-KcA-lN0Tst-pxY7qfd_QtMWKb1PRqsLZDUQMcRLQn7ru0tecCmpw4NcwW26o0VED8yyOq0WDXs0YA3W7RIKSFFJ89HyC81wOcLyLtAOQ:1p8MgC:f6LqrA0Pi0TaIJzlN1Q9Yyf_XPtKGwV15YoMhqNEQCo", "expire_date": "2023-01-05T14:36:16.798Z"}}, {"model": "sessions.session", "pk": "74d2ggwr7ym5pen0a0edf7dbcsspscyi", "fields": {"session_data": ".eJxVz81uwyAMB_B38TnKIGlpybG7bIc9wTRFxjgJXQYRkKpT1XcfmXrpzR8__yXfIAVyOCNRWH3uU8bM0H3ewPM1QwcvUMESA3FKpZvD6HyZJApLYVBKXPPULxjxZwNwr-CiL-3rMbzP49sZviro_8maOPbOFtPC08wgfbPfFvaMfgw1BZ-jM_VG6sc21R_B8nx62KeACdNUrgeJrRKGW2GOAyrDlg57rQwJ3GlzQGltI1SjpWLBNFjBxeyx2VlCKUhuoam86YLv-bq4-AudbIRWQtz_AHSpYW4:1oidfZ:Fczirfh1nYyGdmPhdN45xuZeG4sQhB8o62SgsUF-a_M", "expire_date": "2022-10-26T15:29:17.948Z"}}, {"model": "sessions.session", "pk": "77xsrsz9avdrte9l87a5ec722yqnu18v", "fields": {"session_data": ".eJxVjs1ugzAQhF-F7tlCtglO4dh7pN5DZK29SyBtcWQbqVWUd6-ROLTXmW9-HmBxzZNdE0c7E_TQgPirOfQfvGwG3XC5htqHJcfZ1RtS726qT4H4821n_xVMmKaSHhU2RjpupHsd0Tgmf2w747zEQ-eOqIi0NLpThiX7kSQXpkV9II9KerWVJk5pDovl7_scf6CXAjzGDP0DlIa-eRbmqzB45VQmz-cBrL2lktjVAUQlRaVbUQ3wHgOtPlflOGemlwEuF3j-AmibWdY:1okoFp:wobYuA6x4CBHCzeqyWeZaks1PfJ30cMncbIf-ahQixo", "expire_date": "2022-11-01T15:11:41.785Z"}}, {"model": "sessions.session", "pk": "7g2pzy098lrljayhciig83ogyoasw02i", "fields": {"session_data": "ODA2MzA4OTcxNTg3ZDg1MWNkM2Y3NzAyODAzM2Y2NmQ0ODhiMWM3ZTp7ImFjY291bnRfdmVyaWZpZWRfZW1haWwiOm51bGwsImFjY291bnRfdXNlciI6IjIiLCJfYXV0aF91c2VyX2lkIjoiMSIsIl9hdXRoX3VzZXJfYmFja2VuZCI6ImRqYW5nby5jb250cmliLmF1dGguYmFja2VuZHMuTW9kZWxCYWNrZW5kIiwiX2F1dGhfdXNlcl9oYXNoIjoiYzJjZjZmZmQ2NjRkODA5MmNiODQzN2E4NWU5ZDU0MWQyNDljYzQwYiJ9", "expire_date": "2022-09-16T14:46:00.675Z"}}, {"model": "sessions.session", "pk": "8guq6bv8x9ibnh8lmwpwthq3agy8wv6a", "fields": {"session_data": ".eJxVjEsOwjAMBe-SNYqcflLaJXvOENmxSwMoQUkrgRB3p5W6gO2befNWDpd5ckuR7AKrQdXq8LsR-pvEDfAV4yVpn-KcA-lN0Tst-pxY7qfd_QtMWKb1PRqsLZDUQMcRLQn7ru0tecCmpw4NcwW26o0VED8yyOq0WDXs0YA3W7RIKSFFJ89HyC81wOcLyLtAOQ:1osOXj:rkHFEmhMxWmgmCu_1lxd5ToRVvkLCPWOiZmYjNzarWg", "expire_date": "2022-11-22T13:21:31.972Z"}}, {"model": "sessions.session", "pk": "8y60wrlewf7639zfgp0meff8snev2rsf", "fields": {"session_data": "e30:1pOkP2:DAVcPaUXP35nTA93GYk5Wbb-gLzuU5PhODjiuGBGG4g", "expire_date": "2023-02-19T19:10:16.944Z"}}, {"model": "sessions.session", "pk": "9135mj589x14fxfsf3t56c3kg7i8lzin", "fields": {"session_data": ".eJxVz01PwzAMBuD_4nNVJe2W0R65M64TCEWO464ZJanygUDT_jsp2mU3y-_jV_IVEn6zdn4KME64JG4gBXK4IFEoPuuUMTOM71dYYyBOCUZYwtl5qJLCWjOoI5Y86xUjfm0Abg0cT69FFjqVo3qDjwb0PymJo3a2mh4edgbpk_0W2Av6c2gp-BydaTfS3tPUvgTLy_PdPhTMmOZ6PUnslTDcC_M0oTJs6bAflCGBu8EcUFrbCdUNUrFgmqzgavbY7SyhFCS30lTfdMFr_lld_IVR3P4AJxZj3Q:1pG1zC:8JeOqH71Rpi6f8PqhPe5m12Pnc2vvnKunQO68x3Xb_4", "expire_date": "2023-01-26T18:07:34.854Z"}}, {"model": "sessions.session", "pk": "99bsdcnwlisax20jlm8idip34cl49f0z", "fields": {"session_data": "eyJzYXZlX2luZm8iOmZhbHNlfQ:1pJZ8B:86-3arCiNqW6X1gNSucceR9MHCNx5epcmdTVU9D_0Ag", "expire_date": "2023-02-05T12:07:27.387Z"}}, {"model": "sessions.session", "pk": "9g3wcf0k741iujfcp3sbxzop3ke15of7", "fields": {"session_data": ".eJxVjMsOgjAUBf-la9PcUiji0r3f0NxXLWpoQmFl_HchYaHbMzPnbSKuS45r1TmOYi7Gm9PvRshPnXYgD5zuxXKZlnkkuyv2oNXeiujrerh_Bxlr3urk0Acg9UDnhIFUuO-GQAzYDtSjE2kgNIMLCspJQDenw6YVRgfszOcLCsQ4_A:1pSfgr:-0L8FX8QiaZ1xRMI8wQpYXRtIZ1wSOI6fURWPWRt0qI", "expire_date": "2023-03-02T14:56:53.897Z"}}, {"model": "sessions.session", "pk": "bf578a0btan3yri2ioif5oal8pyu5iti", "fields": {"session_data": ".eJxVjMsOgjAUBf-la9PcUiji0r3f0NxXLWpoQmFl_HchYaHbMzPnbSKuS45r1TmOYi7Gm9PvRshPnXYgD5zuxXKZlnkkuyv2oNXeiujrerh_Bxlr3urk0Acg9UDnhIFUuO-GQAzYDtSjE2kgNIMLCspJQDenw6YVRgfszOcLCsQ4_A:1ogXhO:-E5lsEbXbHQLuZkPocDN9EcaKbscU99Rs0ItUyUUxBY", "expire_date": "2022-10-20T20:42:30.028Z"}}, {"model": "sessions.session", "pk": "bi3ot4o3b3ik6368objkd4pr8t5qi583", "fields": {"session_data": ".eJxVjEEOwiAQRe_C2pCBtlS6dO8ZyMBMLWrAQJtojHe3TbrQ7X_vv7dwuMyTWyoXF0kMohGH381juHHaAF0xXbIMOc0lerkpcqdVnjPx_bS7f4EJ67S-R4WNAc8N-OOIxjOFvrPGB8DW-h4VkQajrTIMHEYCXp0OdUsBFQS1RSvXGnNy_HzE8hKD0mANwOcLTKxBaw:1oidlz:_WhbQSm6D8HYpH3eq8lO20Sk7HLfZ4Meldblyg4J_6M", "expire_date": "2022-10-26T15:35:55.814Z"}}, {"model": "sessions.session", "pk": "bi67zsurel04iigb7rw55qbld6ydeany", "fields": {"session_data": "eyJjYXJ0Ijp7IjMzIjoxLCIzNiI6MiwiMzQiOjF9fQ:1pIFNt:uqemL8A6XWKA6MWhmjgZ0kbeJvnesj4mEW6uXpZKQDI", "expire_date": "2023-02-01T20:50:13.968Z"}}, {"model": "sessions.session", "pk": "cibxyyx7zy7hkk2adcuffmbwj31eiwmy", "fields": {"session_data": ".eJxVjEsOwjAMBe-SNYqcflLaJXvOENmxSwMoQUkrgRB3p5W6gO2befNWDpd5ckuR7AKrQdXq8LsR-pvEDfAV4yVpn-KcA-lN0Tst-pxY7qfd_QtMWKb1PRqsLZDUQMcRLQn7ru0tecCmpw4NcwW26o0VED8yyOq0WDXs0YA3W7RIKSFFJ89HyC81wOcLyLtAOQ:1pEqXe:owemuMrW6RYF07cUk8pu0wFojzDNp-YDdQERpt3PMd0", "expire_date": "2023-01-23T11:42:14.096Z"}}, {"model": "sessions.session", "pk": "cwyo83rf4dx1jgvf1bms7lpvru4mx7t0", "fields": {"session_data": ".eJxVjEEOgjAQRe8ya9NMCxTp0r1nINN2kKppTQuJhnB3IWGh2__efwv0NE9jPxfOffBgoILT72bJPTjuwN8p3pJwKU45WLEr4qBFXJPn5-Vw_wIjlXF7D5IqjZYrtOeBtGXv2qbT1iHVnW1Jeq9Qq05qRnaDR96chlTtHUl0co8WLiWk2PP7FfIHDJ7AUZ7ALCDBqHX9AqrQRGY:1ok2Hf:RbTSiVRZXIpJvvqYJevgM9T6rKmlQepNpDpk0aHTq_4", "expire_date": "2022-10-30T11:58:23.941Z"}}, {"model": "sessions.session", "pk": "dmqca8kuftfwg6awysfnlujip8dwgv55", "fields": {"session_data": ".eJxVjEsOwjAMBe-SNYqcflLaJXvOENmxSwMoQUkrgRB3p5W6gO2befNWDpd5ckuR7AKrQdXq8LsR-pvEDfAV4yVpn-KcA-lN0Tst-pxY7qfd_QtMWKb1PRqsLZDUQMcRLQn7ru0tecCmpw4NcwW26o0VED8yyOq0WDXs0YA3W7RIKSFFJ89HyC81wOcLyLtAOQ:1pKHWT:54cbiKcnkQXF43rtCmCDk12neOuDUS0ffuDIh_DCsas", "expire_date": "2023-02-07T11:31:29.182Z"}}, {"model": "sessions.session", "pk": "f0h2qmojclhw9zojfkglt0ehs3yx2c65", "fields": {"session_data": ".eJxVjEsOwjAMBe-SNYqcflLaJXvOENmxSwMoQUkrgRB3p5W6gO2befNWDpd5ckuR7AKrQdXq8LsR-pvEDfAV4yVpn-KcA-lN0Tst-pxY7qfd_QtMWKb1PRqsLZDUQMcRLQn7ru0tecCmpw4NcwW26o0VED8yyOq0WDXs0YA3W7RIKSFFJ89HyC81wOcLyLtAOQ:1oyEYq:2ZQ6nk8V9NDtx6epitZU8mkSHP2L2vTKQKxMiztTlaE", "expire_date": "2022-12-08T15:54:48.721Z"}}, {"model": "sessions.session", "pk": "fbkq76kxlmo684s8alzs6omaov8s0hu3", "fields": {"session_data": ".eJwVirEKgDAMBf_lzYKrOOof6KaIhFBUqE01EYXiv1u3u-MSVHgjT8xyBZvVyBzqMSG4x1CjRIF4CjvVbF6WLeSiLDFvyEiXrXOkk_Z_wFug4_Wuuudoh6bH9H6n5iD5:1tEU8E:r0CMLE70oUG_-NmAJNtlh3ofFeccyXs6znoqlDKPKS0", "expire_date": "2024-12-06T13:55:34.398Z"}}, {"model": "sessions.session", "pk": "gkqqb3qcx64a0uom074cezu0yhpu0a41", "fields": {"session_data": ".eJxVjEsOwjAMBe-SNYqcflLaJXvOENmxSwMoQUkrgRB3p5W6gO2befNWDpd5ckuR7AKrQdXq8LsR-pvEDfAV4yVpn-KcA-lN0Tst-pxY7qfd_QtMWKb1PRqsLZDUQMcRLQn7ru0tecCmpw4NcwW26o0VED8yyOq0WDXs0YA3W7RIKSFFJ89HyC81wOcLyLtAOQ:1pDnMv:-VHx0t-ZPXBU-i8AOSor8O3eN6L4cPq0V4oB4gzbGy8", "expire_date": "2023-01-20T14:06:49.904Z"}}, {"model": "sessions.session", "pk": "h3u2ya8hm85m6i0uui5qlcim0lctppng", "fields": {"session_data": ".eJxVjEEOgjAQRe8ya9NMKRTp0r1nINN2kKppTQuJhnB3IWGh2__efwv0NE9jPxfOffBgQMHpd7PkHhx34O8Ub0m4FKccrNgVcdAirsnz83K4f4GRyri9B0lKo2WF9jyQtuxd23TaOqS6sy1J7yvUVSc1I7vBI29OQ1XtHUl0co8WLiWk2PP7FfIHDJ7AUZ7ALKAUGLmuX-7rRJo:1pFbOX:MBd_4lnFj214bbVgh6Cv1S_Rib6eofZx8W7q_lyb82E", "expire_date": "2023-01-25T13:43:57.619Z"}}, {"model": "sessions.session", "pk": "h6rhgv06ahemndjlz4i6d6nr4qmyjy75", "fields": {"session_data": ".eJxVjEsOwjAMBe-SNYqcflLaJXvOENmxSwMoQUkrgRB3p5W6gO2befNWDpd5ckuR7AKrQdXq8LsR-pvEDfAV4yVpn-KcA-lN0Tst-pxY7qfd_QtMWKb1PRqsLZDUQMcRLQn7ru0tecCmpw4NcwW26o0VED8yyOq0WDXs0YA3W7RIKSFFJ89HyC81wOcLyLtAOQ:1pKkkl:9R2relwmpy1mvDSvILd8nI1ZNKtkT0_FBI4iK6pz0UM", "expire_date": "2023-02-08T18:44:11.581Z"}}, {"model": "sessions.session", "pk": "i1v4mir8571bzoujutp6gahk5em4ybbc", "fields": {"session_data": ".eJxVjMEOwiAQBf9lz4ZAodRy9O43kAW2FjVgoE00Tf_dNulBr2_mzQIW52m0c6ViYwADEk6_m0P_oLSDcMd0y8znNJXo2K6wg1Z2zYGel8P9C4xYx-09CJSaO5LcnQfUjoLv2l47z1H1rkMRQsN10wtNnPwQOG1Oi40KHgX3Yo9WqjXmZOn9iuUDhp_AY5nALKAUGLmuX-7-RJ4:1pMAM4:HThSotnyxtR6u2_j3YW__AZeuFuZSnN78_ysTJUpAz8", "expire_date": "2023-02-12T16:16:32.866Z"}}, {"model": "sessions.session", "pk": "i59sbwtbdfs96tk8wdi3inn9fq8kjzni", "fields": {"session_data": ".eJxVjEEOgyAQRe8y64aAKFaW3fcMZBjGSttgA5q0Md69mrhx-9_7bwHCPIFdQGuwar2Aw3ka3Fw4uxjAgobT5pFenHYQnpgeo6AxTTl6sSvioEXcx8Dv2-GeAgOWYXv3CrWRnrX01x6N50Bt0xlPEuvOt6hCqKSpOmVYMvVB8uY0WNWBUElSe7RwKXFMjr-fmH9g5foHOClEmg:1pHloA:na4yfQ9XTdqu5xvYcDdFet4dTR909nkoqG5iiJISuOM", "expire_date": "2023-01-31T13:15:22.027Z"}}, {"model": "sessions.session", "pk": "i876zfuxk5fgzs8meiollqcxqld1z582", "fields": {"session_data": ".eJxVjMsOgjAUBf-la9PcUiji0r3f0NxXLWpoQmFl_HchYaHbMzPnbSKuS45r1TmOYi7Gm9PvRshPnXYgD5zuxXKZlnkkuyv2oNXeiujrerh_Bxlr3urk0Acg9UDnhIFUuO-GQAzYDtSjE2kgNIMLCspJQDenw6YVRgfszOcLCsQ4_A:1ojgrb:JDh8OQd4esV4rXL8mYz5JV_hKfnD6MJASsbGMnMIauY", "expire_date": "2022-10-29T13:06:03.164Z"}}, {"model": "sessions.session", "pk": "ib9m3azfa32jd8a6crpu6s2nlygyexv9", "fields": {"session_data": ".eJxVjMsOgjAUBf-la9PcUiji0r3f0NxXLWpoQmFl_HchYaHbMzPnbSKuS45r1TmOYi7Gm9PvRshPnXYgD5zuxXKZlnkkuyv2oNXeiujrerh_Bxlr3urk0Acg9UDnhIFUuO-GQAzYDtSjE2kgNIMLCspJQDenw6YVRgfszOcLCsQ4_A:1okpDC:mVpeQj7vEO7ILVAwQ0uIyZ_GLzz2GPV9nOX032nulI4", "expire_date": "2022-11-01T16:13:02.271Z"}}, {"model": "sessions.session", "pk": "inro4uw4afb6o4m8ymdddmlcw5kpzqia", "fields": {"session_data": ".eJxVjEsOwjAMBe-SNYqcflLaJXvOENmxSwMoQUkrgRB3p5W6gO2befNWDpd5ckuR7AKrQdXq8LsR-pvEDfAV4yVpn-KcA-lN0Tst-pxY7qfd_QtMWKb1PRqsLZDUQMcRLQn7ru0tecCmpw4NcwW26o0VED8yyOq0WDXs0YA3W7RIKSFFJ89HyC81wOcLyLtAOQ:1p4jso:Zobc11YOwEZIDtrcBXIfQcGrHgTiigR5w7FBgWBb0dc", "expire_date": "2022-12-26T14:34:18.512Z"}}, {"model": "sessions.session", "pk": "jd28zyss5lcgunvvrea64br2in3i8y2x", "fields": {"session_data": "e30:1pSIN2:vATck3KCJLOB0PVCY3sjaSSL82WmO3H3RuIlHBVuwSE", "expire_date": "2023-03-01T14:02:52.346Z"}}, {"model": "sessions.session", "pk": "kkql746c99t9nqi4ztzitv3ccu1ix8t8", "fields": {"session_data": ".eJxVjEsOwjAMBe-SNYqcflLaJXvOENmxSwMoQUkrgRB3p5W6gO2befNWDpd5ckuR7AKrQdXq8LsR-pvEDfAV4yVpn-KcA-lN0Tst-pxY7qfd_QtMWKb1PRqsLZDUQMcRLQn7ru0tecCmpw4NcwW26o0VED8yyOq0WDXs0YA3W7RIKSFFJ89HyC81wOcLyLtAOQ:1oidwp:yUlD1WM4bwphbuclHIZ6Dg4WJ3wf0ukOkhTwkxo4rHc", "expire_date": "2022-10-26T15:47:07.836Z"}}, {"model": "sessions.session", "pk": "ku1btxjxdx7yt2802uh9uq1hg32tukwq", "fields": {"session_data": ".eJxVjEsOwjAMBe-SNYqcflLaJXvOENmxSwMoQUkrgRB3p5W6gO2befNWDpd5ckuR7AKrQdXq8LsR-pvEDfAV4yVpn-KcA-lN0Tst-pxY7qfd_QtMWKb1PRqsLZDUQMcRLQn7ru0tecCmpw4NcwW26o0VED8yyOq0WDXs0YA3W7RIKSFFJ89HyC81wOcLyLtAOQ:1p7gbD:dUICj0xCEqgiI5GJaLCg3n7X9Easx-shBH4lqjpdxa8", "expire_date": "2023-01-03T17:40:19.932Z"}}, {"model": "sessions.session", "pk": "layro24jx36k4n28ah9g2l18yf3mq8ty", "fields": {"session_data": ".eJxVjsFugzAQRH_F2jOybAhQOPbeU48hstbrJZBSHNlGahTl32skDu31zZvZfYLBLU1mixzM7KCHCoq_zCJ98boH7obr1UvyawqzlbsijzTKD-94eT_cfwMTxim3R41VoyxXyr6N2Fh21NZdY0nhqbMtaudK1ZSdblgxjU5xdmosT45QK9L7aOQYZ78a_rnP4QG9KoAwJOif0EJfta_sfGcHrxzzyfN5AGNuMTcOOkAhVCHKuhADfG5EGY_bsjxE_p4TO6HFPXi3UZIDXC7w-gXn3V-E:1ojgRJ:R2UFF5xAbO0rYel8CqKBGZf6h3s05PA2fbKikekFJzc", "expire_date": "2022-10-29T12:38:53.436Z"}}, {"model": "sessions.session", "pk": "m58s5nfir94exnig34cgc3jasxsv7cev", "fields": {"session_data": ".eJxVjEEOgjAQRe8ya9NMKRTp0r1naKbtIFVTTAuJhnB3IWGh2__efwtYmqfBzoWzjQEMKDj9bo78g9MOwp3SbRR-TFOOTuyKOGgR1zHw83K4f4GByrC9e0lKo2OF7tyTdhx823TaeaS6cy3JECrUVSc1I_s-IG9OQ1UdPEn0co8WLiWOyfL7FfMHDJ7AU57ALKA0GLmuX-79RJ0:1pLMoK:bMgg2l1apH4B55ZHWajc_ngQkhT01Gpq3QH8p_YgiKk", "expire_date": "2023-02-10T11:22:24.837Z"}}, {"model": "sessions.session", "pk": "mdfu4cdt6flagzj44rc899ci152pac4e", "fields": {"session_data": ".eJxVjMsOgjAUBf-la9PcUiji0r3f0NxXLWpoQmFl_HchYaHbMzPnbSKuS45r1TmOYi7Gm9PvRshPnXYgD5zuxXKZlnkkuyv2oNXeiujrerh_Bxlr3urk0Acg9UDnhIFUuO-GQAzYDtSjE2kgNIMLCspJQDenw6YVRgfszOcLCsQ4_A:1onze2:IVHflGiV7D7hT1ZDg2NwNN4La9-wMGUxE0K728w104Y", "expire_date": "2022-11-10T09:57:50.579Z"}}, {"model": "sessions.session", "pk": "mus36774v0hc32n4gr0smmqcvj9jt01u", "fields": {"session_data": ".eJwVirEKgDAMBf_lzYK7X-Di6CQiMRQValKbFATx363b3XEPTPmgSMxaxBdz8oBueiDhdnRo0SBl5WBWLep2SC3GmuqGilR8XxJlOv8BbwMp49BLHoe4XpjfD6oTIU4:1og358:Y32nwFJ0rRhPmui3_lyFJBrortJAC4_P_CeC112aX5U", "expire_date": "2022-10-19T12:00:58.433Z"}}, {"model": "sessions.session", "pk": "ocmcxup20d7y76e6uq7df0c4z1dp1n52", "fields": {"session_data": "e30:1og1mX:P1zyzEIgP9I9JwriEiExsiykO_GDRot-cvyuqOFV67w", "expire_date": "2022-10-19T10:37:41.995Z"}}, {"model": "sessions.session", "pk": "onosmph4tprjfkblzdw4zh5xv0o3jfs4", "fields": {"session_data": ".eJxVjMEOgyAQBf9lz8aAKFaOvfcbyAJLpW2gAW3aGP-9mnhor2_mzQIa52nUc6GsgwMFAqrfzaC9U9yBu2G8ptqmOOVg6l2pD1rqS3L0OB_uX2DEMm5vz1FIZkgwc_IoDTnbd4M0lmE7mB65cw2TzcAlMbLeMdqcDpvWWeTM8j1aqJSQoqb3M-QPKFZBwRfpEH0CNeWZKrCYJ1ALtAIUX9cvx5dKvw:1pRWNu:EX_BgGYzmJfP-xogo6bPQLcBFoWDDjCyQT90SHEyzoE", "expire_date": "2023-02-27T10:48:34.147Z"}}, {"model": "sessions.session", "pk": "ot5bu1gdq1bxkaepk300qhctvnv2f54t", "fields": {"session_data": ".eJwVyrEKg0AQRdF_ebUg2ASsU1oJVkFkMi6rYHYWZxZE8d8zdpfDvaDCK23ELCXZpEYW0H4upHAYWtR5l7mwaY0K3hxUnTeJa3JRluw_PKnYMmXa6fcMuCuk5h2717ePw9ljvP8SaCRt:1okl36:QRDIGOyFGi4lBqM_4Gp_4yumwWr3YDhvpohbR01N_zM", "expire_date": "2022-11-01T11:46:20.815Z"}}, {"model": "sessions.session", "pk": "pmwxab4mthnehv05nip0cwksau1oegki", "fields": {"session_data": "e30:1pNEoF:tZB1cVoFQeUXcRrlR9xVwiyWinUzNOLCoPTla_rvsM0", "expire_date": "2023-02-15T15:14:03.136Z"}}, {"model": "sessions.session", "pk": "sc8l9pts35h9u9qhvijjtnqijs2h60z4", "fields": {"session_data": ".eJxVjEsOwjAMBe-SNYqcflLaJXvOENmxSwMoQUkrgRB3p5W6gO2befNWDpd5ckuR7AKrQdXq8LsR-pvEDfAV4yVpn-KcA-lN0Tst-pxY7qfd_QtMWKb1PRqsLZDUQMcRLQn7ru0tecCmpw4NcwW26o0VED8yyOq0WDXs0YA3W7RIKSFFJ89HyC81wOcLyLtAOQ:1pPsKj:2blzmZcVwPrAuz4cU2iLZtUleMzu6Goidr6kYN80x5k", "expire_date": "2023-02-22T21:50:29.201Z"}}, {"model": "sessions.session", "pk": "spjg50lch6kzbqln791cz7i62nynplz9", "fields": {"session_data": ".eJxVjstugzAQRX_FmjWybB5OYdl9V12GyBqPh0BKIcK21CjKv9dILNrtuefemSdYTHG0KfBmJw8dVFD8ZQ7pi5c98DdcrqukdYnb5OSuyCMN8mP1PL8f7r-BEcOY24PGyijHlXJvAxrHnk5NaxwprFt3Qu19qUzZasOKafCKs9NgWXtCrUjvo4FDmNbF8s992h7QqQIItwjdEwx0-pWV76zglUO-eD73YO0t5MJBeyiEKkTZFKKHz0SU8ZDm-SHy8xzZi1rct9UnikH2cLnA6xfyb1_A:1ojTH3:k5V6Twg8zKXBmGfS6L5rl8rXrq_xlNy293g_uiX9Ims", "expire_date": "2022-10-28T22:35:25.442Z"}}, {"model": "sessions.session", "pk": "tfpq03n7d1pefaucsp5jvo8lmenrmr8t", "fields": {"session_data": ".eJxVjEsOwjAMBe-SNYqcflLaJXvOENmxSwMoQUkrgRB3p5W6gO2befNWDpd5ckuR7AKrQdXq8LsR-pvEDfAV4yVpn-KcA-lN0Tst-pxY7qfd_QtMWKb1PRqsLZDUQMcRLQn7ru0tecCmpw4NcwW26o0VED8yyOq0WDXs0YA3W7RIKSFFJ89HyC81wOcLyLtAOQ:1oie1S:3CyLkZVeKLZeRNwuMIu-EEnLa1gYBakGrEX4X3Wqilk", "expire_date": "2022-10-26T15:51:54.673Z"}}, {"model": "sessions.session", "pk": "uvt74l7ird629t7gauruel2ye5chker4", "fields": {"session_data": "eyJjYXJ0Ijp7IjMzIjoyfX0:1pGlB7:09NAIdWa9c6P0bam7pW8MqZYfYeaiYafQtu30gBRVH0", "expire_date": "2023-01-28T18:22:53.902Z"}}, {"model": "sessions.session", "pk": "vbilcc9pkgi5hqav79ip6pzr1fth9vb9", "fields": {"session_data": ".eJxVjMsOgjAUBf-la9PcUiji0r3f0NxXLWpoQmFl_HchYaHbMzPnbSKuS45r1TmOYi7Gm9PvRshPnXYgD5zuxXKZlnkkuyv2oNXeiujrerh_Bxlr3urk0Acg9UDnhIFUuO-GQAzYDtSjE2kgNIMLCspJQDenw6YVRgfszOcLCsQ4_A:1ojgRs:_nm3QWjQlsygpbR3ZAAoCA0xrTVD-tKKABoxwADCWW0", "expire_date": "2022-10-29T12:39:28.190Z"}}, {"model": "sessions.session", "pk": "vic3qbcpdvto9h0zom55f7foblpbk5ey", "fields": {"session_data": ".eJxVjEsOwjAMBe-SNYqcflLaJXvOENmxSwMoQUkrgRB3p5W6gO2befNWDpd5ckuR7AKrQdXq8LsR-pvEDfAV4yVpn-KcA-lN0Tst-pxY7qfd_QtMWKb1PRqsLZDUQMcRLQn7ru0tecCmpw4NcwW26o0VED8yyOq0WDXs0YA3W7RIKSFFJ89HyC81wOcLyLtAOQ:1opU2H:ArGHkqCS6NTeU6kiDHYwF8xqV_FQ0KmjVWYOPyLZfXk", "expire_date": "2022-11-14T12:37:01.813Z"}}, {"model": "sessions.session", "pk": "wj5in16j28g6rl31puur6ajm07iv8roc", "fields": {"session_data": ".eJxVjs1ugzAQhF-F7tlCNgSncOw9Uu4hstbeJZC2OLKNlCrKu8dIHNLrzDc_DzC4pNEskYOZCDqoQbxrFt03z6tBV5wvvnR-TmGy5YqUmxvLgyf--drYfwUjxjGnB4W1lpZraT8H1JbJ7ZtWWydx19o9KqJK6qpVmiW7gSRnpsFqRw6VdGotjRzj5GfD99sU_qCTAhyGBN0DGujUMyO_GcELx7x4OvVgzDXmwKb2IAopiqoRRQ_H4Glxqci_OTF99HA-w_MFGENZpg:1okUNU:wk4I6dP35HqPOaGCtFnZ-RJzRqNN_4CCp_eI-uhKSKw", "expire_date": "2022-10-31T17:58:16.377Z"}}, {"model": "sessions.session", "pk": "wniczh26rr1o1k8i357ashwtev4awulq", "fields": {"session_data": "eyJzb2NpYWxhY2NvdW50X3N0YXRlIjpbeyJuZXh0IjoiLyIsInByb2Nlc3MiOiJsb2dpbiIsInNjb3BlIjoiIiwiYXV0aF9wYXJhbXMiOiIifSwiSWk3VldSZE5LYm5xIl19:1og57G:Ie1HG8BjtLyF1ug6yHP-Eh-OEcy0SezS8sTL2ydjRUU", "expire_date": "2022-10-19T14:11:18.860Z"}}, {"model": "sessions.session", "pk": "wsen5awrfsdyjmfyna1amq0ycvb3h41o", "fields": {"session_data": ".eJxVjEsOwjAMBe-SNYqcflLaJXvOENmxSwMoQUkrgRB3p5W6gO2befNWDpd5ckuR7AKrQdXq8LsR-pvEDfAV4yVpn-KcA-lN0Tst-pxY7qfd_QtMWKb1PRqsLZDUQMcRLQn7ru0tecCmpw4NcwW26o0VED8yyOq0WDXs0YA3W7RIKSFFJ89HyC81wOcLyLtAOQ:1oie0H:T-5T9dtmiWJACWI4Logzv64c8YPc0PCqjgzjTdzl2i4", "expire_date": "2022-10-26T15:50:41.755Z"}}, {"model": "sessions.session", "pk": "x4ez0bryzrt5sh0h07vuz2pnnpu5duyb", "fields": {"session_data": ".eJxVjcsOwiAQRf-FtWmGPqh0pz9ChmEaiA01BRKN8d-lpgtd3te5L2GwZG9K4s0EJybRidOvZ5FuHPcAl2W3GyRaS8zNt3PEqblUxTEHwhzWeD1WfyiPyVfOLLFTYLkDe55RWXY0DlpZAuy1HVE614JqtVQMTLMDrp0B294RSiC5QxOnVG8MP-5he4oJ3h_520St:1p7eC9:EHif2nc-Tkym1nYrpFA-ZyhXqTozgylaRJcl34zq7aU", "expire_date": "2023-01-03T15:06:17.226Z"}}, {"model": "sessions.session", "pk": "y2zj0faxazqpk5hj3vimpkb2btazhx9f", "fields": {"session_data": "e30:1ojKmN:0Mp4pQZYrR8xGM1j2wPv7jgmjrihU1eJVOCExMZVtXo", "expire_date": "2022-10-28T13:31:11.023Z"}}, {"model": "sessions.session", "pk": "ythjb3xusknjm6v21q40pti9wyzofn7l", "fields": {"session_data": ".eJxVjEsOwjAMBe-SNYqcflLaJXvOENmxSwMoQUkrgRB3p5W6gO2befNWDpd5ckuR7AKrQdXq8LsR-pvEDfAV4yVpn-KcA-lN0Tst-pxY7qfd_QtMWKb1PRqsLZDUQMcRLQn7ru0tecCmpw4NcwW26o0VED8yyOq0WDXs0YA3W7RIKSFFJ89HyC81wOcLyLtAOQ:1pD10p:UkfAzfl-YAw7GNz7qvKsBgco41uzsXY9-6bL1xhhhow", "expire_date": "2023-01-18T10:28:47.643Z"}}, {"model": "sessions.session", "pk": "yyf5c9bm3hln0uqaa8b2b6rn3updyypc", "fields": {"session_data": ".eJxVjEsOwjAMBe-SNYqcflLaJXvOENmxSwMoQUkrgRB3p5W6gO2befNWDpd5ckuR7AKrQdXq8LsR-pvEDfAV4yVpn-KcA-lN0Tst-pxY7qfd_QtMWKb1PRqsLZDUQMcRLQn7ru0tecCmpw4NcwW26o0VED8yyOq0WDXs0YA3W7RIKSFFJ89HyC81wOcLyLtAOQ:1pMo9W:FSlkET-WxhiGbMo_UiMR5C0LngQJIynLyL8zXI_nsfA", "expire_date": "2023-02-14T10:46:14.009Z"}}, {"model": "sessions.session", "pk": "zq49bkals9r1yo7azvojp6z1gjxai9a7", "fields": {"session_data": "e30:1ouZK1:gv0VqTWBu54iM7cUpuo-MHXjznAPhuU2UzB9QiLi4s8", "expire_date": "2022-11-28T13:16:21.087Z"}}, {"model": "sessions.session", "pk": "zqk309j9eddj46gfwcqhgsha2r674jqv", "fields": {"session_data": ".eJxVjMsOgjAUBf-la9PcUiji0r3f0NxXLWpoQmFl_HchYaHbMzPnbSKuS45r1TmOYi7Gm9PvRshPnXYgD5zuxXKZlnkkuyv2oNXeiujrerh_Bxlr3urk0Acg9UDnhIFUuO-GQAzYDtSjE2kgNIMLCspJQDenw6YVRgfszOcLCsQ4_A:1olrwC:h_MnTZ8hAFc3zgQyHqeV0XdSPignjtBaS--pxgoKzG0", "expire_date": "2022-11-04T13:19:48.434Z"}}, {"model": "sessions.session", "pk": "zst24k40qe4rjrgj3p7w2f9lteoadean", "fields": {"session_data": ".eJxVjEsOwjAMBe-SNYqcflLaJXvOENmxSwMoQUkrgRB3p5W6gO2befNWDpd5ckuR7AKrQdXq8LsR-pvEDfAV4yVpn-KcA-lN0Tst-pxY7qfd_QtMWKb1PRqsLZDUQMcRLQn7ru0tecCmpw4NcwW26o0VED8yyOq0WDXs0YA3W7RIKSFFJ89HyC81wOcLyLtAOQ:1pEWqh:erwtrQgwEMyYlNQcsFygXYINl5-VUo4F36F9VajD3P4", "expire_date": "2023-01-22T14:40:35.647Z"}}, {"model": "sites.site", "pk": 1, "fields": {"domain": "ecomm-gw.herokuapp.com", "name": "Get Wurst"}}, {"model": "account.emailaddress", "pk": 1, "fields": {"user": 1, "email": "a@a.com", "verified": true, "primary": true}}, {"model": "account.emailaddress", "pk": 2, "fields": {"user": 2, "email": "s@s.com", "verified": true, "primary": true}}, {"model": "account.emailaddress", "pk": 3, "fields": {"user": 3, "email": "g@g.com", "verified": true, "primary": true}}, {"model": "account.emailaddress", "pk": 4, "fields": {"user": 4, "email": "bm@bm.com", "verified": true, "primary": true}}, {"model": "account.emailaddress", "pk": 5, "fields": {"user": 5, "email": "mjjstockman@gmail.com", "verified": true, "primary": true}}, {"model": "account.emailaddress", "pk": 6, "fields": {"user": 6, "email": "bbb@w.com", "verified": true, "primary": true}}, {"model": "account.emailaddress", "pk": 7, "fields": {"user": 7, "email": "b@d.com", "verified": true, "primary": true}}, {"model": "account.emailaddress", "pk": 8, "fields": {"user": 8, "email": "r@r.com", "verified": false, "primary": true}}, {"model": "account.emailaddress", "pk": 9, "fields": {"user": 9, "email": "o@o.com", "verified": false, "primary": true}}, {"model": "account.emailaddress", "pk": 10, "fields": {"user": 10, "email": "n@n.com", "verified": false, "primary": true}}, {"model": "socialaccount.socialapp", "pk": 2, "fields": {"provider": "google", "name": "ecomm", "client_id": "888295741044-l1pvg9ftuodni79ed3vtdtrncjaon8ja.apps.googleusercontent.com", "secret": "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", "key": "", "sites": [1]}}, {"model": "faq.question", "pk": 11, "fields": {"body": "THIS IS A QION THIS IS A QION THIS IS A QION THIS IS A QION", "author": 3, "created_on": "2022-10-09T18:31:40.022Z", "updated_on": "2022-10-10T17:36:08.762Z", "status": 1, "email_on_answer": false}}, {"model": "faq.question", "pk": 12, "fields": {"body": "mnmnm", "author": 3, "created_on": "2022-10-11T12:13:48.249Z", "updated_on": "2022-10-11T12:14:05.748Z", "status": 1, "email_on_answer": false}}, {"model": "faq.question", "pk": 13, "fields": {"body": "check", "author": 3, "created_on": "2022-10-11T18:52:30.023Z", "updated_on": "2022-10-11T18:55:24.638Z", "status": 1, "email_on_answer": true}}, {"model": "faq.question", "pk": 14, "fields": {"body": "no email", "author": 3, "created_on": "2022-10-11T18:56:31.823Z", "updated_on": "2022-10-11T18:56:31.823Z", "status": 0, "email_on_answer": false}}, {"model": "faq.question", "pk": 15, "fields": {"body": "no check", "author": 3, "created_on": "2022-10-11T18:57:25.099Z", "updated_on": "2022-10-11T18:59:15.285Z", "status": 1, "email_on_answer": false}}, {"model": "faq.question", "pk": 16, "fields": {"body": "pub", "author": 3, "created_on": "2022-10-11T19:34:00.194Z", "updated_on": "2022-10-11T19:34:00.194Z", "status": 1, "email_on_answer": false}}, {"model": "faq.question", "pk": 17, "fields": {"body": "email?", "author": 3, "created_on": "2022-10-14T19:21:59.087Z", "updated_on": "2022-10-14T19:21:59.087Z", "status": 1, "email_on_answer": true}}, {"model": "faq.question", "pk": 18, "fields": {"body": "innit", "author": 3, "created_on": "2022-10-14T19:24:00.394Z", "updated_on": "2022-10-14T19:24:00.394Z", "status": 1, "email_on_answer": true}}, {"model": "faq.question", "pk": 19, "fields": {"body": "new new", "author": 3, "created_on": "2022-10-14T19:25:48.480Z", "updated_on": "2022-10-14T19:25:48.480Z", "status": 1, "email_on_answer": true}}, {"model": "faq.question", "pk": 20, "fields": {"body": "test with email answer", "author": 3, "created_on": "2022-12-11T17:04:06.295Z", "updated_on": "2022-12-11T17:04:06.295Z", "status": 1, "email_on_answer": true}}, {"model": "faq.question", "pk": 21, "fields": {"body": "dec 11 test, email checked", "author": 4, "created_on": "2022-12-11T17:28:15.325Z", "updated_on": "2022-12-11T17:30:01.898Z", "status": 1, "email_on_answer": true}}, {"model": "faq.question", "pk": 22, "fields": {"body": "q1q1q1q1q1q1", "author": 3, "created_on": "2023-01-09T12:44:14.855Z", "updated_on": "2023-01-09T12:44:14.855Z", "status": 1, "email_on_answer": false}}, {"model": "faq.question", "pk": 23, "fields": {"body": "qqq", "author": 3, "created_on": "2023-01-09T12:46:55.406Z", "updated_on": "2023-01-09T12:46:55.406Z", "status": 1, "email_on_answer": false}}, {"model": "faq.question", "pk": 24, "fields": {"body": "eeeee", "author": 3, "created_on": "2023-02-09T13:09:25.341Z", "updated_on": "2023-02-09T13:09:25.341Z", "status": 1, "email_on_answer": false}}, {"model": "faq.answer", "pk": 44, "fields": {"question": 11, "body": "ee", "author": 1, "created_on": "2022-10-10T13:09:05.970Z", "updated_on": "2022-10-10T14:29:05.077Z", "status": 1, "like": [], "dislike": []}}, {"model": "faq.answer", "pk": 45, "fields": {"question": 11, "body": "www", "author": 3, "created_on": "2022-10-10T14:29:51.774Z", "updated_on": "2022-10-10T14:32:52.052Z", "status": 1, "like": [], "dislike": []}}, {"model": "faq.answer", "pk": 46, "fields": {"question": 11, "body": "qet", "author": 3, "created_on": "2022-10-10T14:48:33.579Z", "updated_on": "2022-10-10T18:41:11.059Z", "status": 1, "like": [], "dislike": []}}, {"model": "faq.answer", "pk": 47, "fields": {"question": 12, "body": "answer mmmmm", "author": 3, "created_on": "2022-10-11T12:14:42.325Z", "updated_on": "2022-10-11T12:15:53.265Z", "status": 1, "like": [], "dislike": []}}, {"model": "faq.answer", "pk": 48, "fields": {"question": 12, "body": "check", "author": 3, "created_on": "2022-10-11T17:32:36.548Z", "updated_on": "2022-10-11T17:32:36.548Z", "status": 0, "like": [], "dislike": []}}, {"model": "faq.answer", "pk": 49, "fields": {"question": 12, "body": "nmnmnmnmnmnmn", "author": 3, "created_on": "2022-10-11T18:25:46.633Z", "updated_on": "2022-10-11T18:25:46.633Z", "status": 0, "like": [], "dislike": []}}, {"model": "faq.answer", "pk": 50, "fields": {"question": 13, "body": "check answer", "author": 3, "created_on": "2022-10-11T18:55:43.860Z", "updated_on": "2022-10-11T18:56:06.278Z", "status": 1, "like": [], "dislike": []}}, {"model": "faq.answer", "pk": 51, "fields": {"question": 15, "body": "answer no check", "author": 3, "created_on": "2022-10-11T18:59:36.167Z", "updated_on": "2022-10-11T18:59:50.358Z", "status": 1, "like": [], "dislike": []}}, {"model": "faq.answer", "pk": 52, "fields": {"question": 15, "body": "straight to pub", "author": 3, "created_on": "2022-10-11T19:32:40.776Z", "updated_on": "2022-10-11T19:32:40.776Z", "status": 1, "like": [], "dislike": []}}, {"model": "faq.answer", "pk": 53, "fields": {"question": 15, "body": "nmnmnmnmnm", "author": 3, "created_on": "2022-10-12T11:38:45.420Z", "updated_on": "2022-10-12T11:39:45.966Z", "status": 1, "like": [], "dislike": []}}, {"model": "faq.answer", "pk": 54, "fields": {"question": 13, "body": "wqwqwq", "author": 3, "created_on": "2022-10-12T11:40:08.118Z", "updated_on": "2022-10-12T11:40:34.317Z", "status": 1, "like": [], "dislike": []}}, {"model": "faq.answer", "pk": 55, "fields": {"question": 16, "body": "404", "author": 3, "created_on": "2022-10-14T12:11:50.966Z", "updated_on": "2022-10-14T12:11:50.966Z", "status": 1, "like": [3], "dislike": []}}, {"model": "faq.answer", "pk": 56, "fields": {"question": 16, "body": "we", "author": 3, "created_on": "2022-10-14T12:12:17.897Z", "updated_on": "2022-10-14T12:12:17.897Z", "status": 1, "like": [], "dislike": []}}, {"model": "faq.answer", "pk": 57, "fields": {"question": 19, "body": "new new answer", "author": 3, "created_on": "2022-10-14T19:26:13.698Z", "updated_on": "2022-10-14T19:26:13.698Z", "status": 1, "like": [], "dislike": []}}, {"model": "faq.answer", "pk": 58, "fields": {"question": 19, "body": "fghjk", "author": 3, "created_on": "2022-10-14T19:28:05.093Z", "updated_on": "2022-10-14T19:28:05.093Z", "status": 1, "like": [], "dislike": []}}, {"model": "faq.answer", "pk": 59, "fields": {"question": 19, "body": "sdadada", "author": 3, "created_on": "2022-10-14T19:41:38.209Z", "updated_on": "2022-10-14T19:41:38.209Z", "status": 1, "like": [], "dislike": []}}, {"model": "faq.answer", "pk": 60, "fields": {"question": 20, "body": "an answer to test with email answer", "author": 3, "created_on": "2022-12-11T17:07:08.868Z", "updated_on": "2022-12-11T17:07:08.868Z", "status": 1, "like": [], "dislike": []}}, {"model": "faq.answer", "pk": 61, "fields": {"question": 11, "body": "user answer", "author": 4, "created_on": "2022-12-11T17:19:48.114Z", "updated_on": "2022-12-11T17:21:39.633Z", "status": 1, "like": [], "dislike": []}}, {"model": "faq.answer", "pk": 62, "fields": {"question": 20, "body": "sned an email?", "author": 3, "created_on": "2022-12-11T17:23:20.608Z", "updated_on": "2022-12-11T17:23:20.608Z", "status": 1, "like": [], "dislike": []}}, {"model": "faq.answer", "pk": 63, "fields": {"question": 21, "body": "AN ANswer", "author": 3, "created_on": "2022-12-11T17:33:00.319Z", "updated_on": "2022-12-11T17:33:00.319Z", "status": 1, "like": [3], "dislike": []}}, {"model": "faq.answer", "pk": 64, "fields": {"question": 21, "body": "qqqq", "author": 3, "created_on": "2023-01-09T12:44:01.709Z", "updated_on": "2023-01-09T12:44:01.709Z", "status": 1, "like": [], "dislike": []}}, {"model": "faq.answer", "pk": 65, "fields": {"question": 22, "body": "aa", "author": 3, "created_on": "2023-01-09T12:46:45.821Z", "updated_on": "2023-01-09T12:46:45.821Z", "status": 1, "like": [], "dislike": []}}, {"model": "faq.answer", "pk": 66, "fields": {"question": 23, "body": "qqqqq", "author": 3, "created_on": "2023-02-01T11:59:36.217Z", "updated_on": "2023-02-01T11:59:36.217Z", "status": 1, "like": [], "dislike": []}}, {"model": "faq.answer", "pk": 67, "fields": {"question": 23, "body": "fdsafdsa", "author": 3, "created_on": "2023-02-04T12:50:21.933Z", "updated_on": "2023-02-04T12:50:21.933Z", "status": 1, "like": [3], "dislike": []}}, {"model": "faq.answer", "pk": 68, "fields": {"question": 22, "body": "rrrrr", "author": 3, "created_on": "2023-02-04T13:12:45.933Z", "updated_on": "2023-02-04T13:12:45.933Z", "status": 1, "like": [], "dislike": []}}, {"model": "faq.answer", "pk": 69, "fields": {"question": 23, "body": "fffffffff", "author": 7, "created_on": "2023-02-04T13:14:41.511Z", "updated_on": "2023-02-04T13:14:41.511Z", "status": 0, "like": [], "dislike": []}}, {"model": "checkout.order", "pk": 1, "fields": {"order_number": "149C0A3F5D3440E0A78412AD7E18AD6D", "user_profile": null, "full_name": "m", "email": "m@m.com", "newsletter_signup": false, "phone_number": "12", "postcode": "sa", "town_or_city": "sa", "street_address1": "sa", "street_address2": "sa", "county": "sa", "date": "2023-01-12T12:25:06.670Z", "total": "0.00", "original_cart": "{\"33\": 1}", "stripe_pid": "pi_3MPPoUDEsL3QJnnR0wg9Npt6"}}, {"model": "checkout.order", "pk": 2, "fields": {"order_number": "C368D9A6A24A4E708DAF0CF20E77967F", "user_profile": 1, "full_name": "fdsa", "email": "g@g.com", "newsletter_signup": false, "phone_number": "00000", "postcode": "test", "town_or_city": "test", "street_address1": "test", "street_address2": "test", "county": "changed", "date": "2023-01-22T11:18:45.178Z", "total": "0.00", "original_cart": "{\"36\": 1}", "stripe_pid": "pi_3MT1YzDEsL3QJnnR1H6CYttz"}}, {"model": "checkout.order", "pk": 3, "fields": {"order_number": "B2EFB058822E483F9CBAF0DCD5B2B558", "user_profile": null, "full_name": "ewew", "email": "fff@ff.com", "newsletter_signup": false, "phone_number": "21", "postcode": null, "town_or_city": "fesa", "street_address1": "dwa", "street_address2": null, "county": null, "date": "2023-01-22T11:25:00.507Z", "total": "0.00", "original_cart": "{\"36\": 1}", "stripe_pid": "pi_3MT1eoDEsL3QJnnR1t85q9Oc"}}, {"model": "checkout.order", "pk": 4, "fields": {"order_number": "98BF1C15908D46FA9DBABEF23E6647B9", "user_profile": null, "full_name": "Sean", "email": "sean@ci.com", "newsletter_signup": false, "phone_number": "1234567", "postcode": "A12B34", "town_or_city": "Soem Town", "street_address1": "Some Street", "street_address2": null, "county": "Some County", "date": "2023-01-22T12:07:27.306Z", "total": "0.00", "original_cart": "{\"33\": 1}", "stripe_pid": "pi_3MT2KKDEsL3QJnnR0nEXUcOY"}}, {"model": "checkout.order", "pk": 5, "fields": {"order_number": "AF1D1201493A41A0A3923CB50FC9BE82", "user_profile": 1, "full_name": "fdsa", "email": "g@g.com", "newsletter_signup": false, "phone_number": "00000", "postcode": "test", "town_or_city": "test", "street_address1": "test", "street_address2": "test", "county": "changed", "date": "2023-01-22T12:20:31.247Z", "total": "0.00", "original_cart": "{\"36\": 2}", "stripe_pid": "pi_3MT2X0DEsL3QJnnR1qxlwsRT"}}, {"model": "checkout.order", "pk": 6, "fields": {"order_number": "48F1AFA4BC0A44D9BE9BD6940B1A1FAB", "user_profile": 1, "full_name": "gfds", "email": "g@g.com", "newsletter_signup": false, "phone_number": "00000", "postcode": "test", "town_or_city": "test", "street_address1": "test", "street_address2": "test", "county": "changed", "date": "2023-01-22T12:22:44.914Z", "total": "0.00", "original_cart": "{\"36\": 1}", "stripe_pid": "pi_3MT2ZBDEsL3QJnnR0z5z5ArI"}}, {"model": "checkout.order", "pk": 7, "fields": {"order_number": "D7907F331D754AF7BEA97F3ADE2164D0", "user_profile": 1, "full_name": "gfds", "email": "g@g.com", "newsletter_signup": false, "phone_number": "00000", "postcode": "test", "town_or_city": "test", "street_address1": "test", "street_address2": "test", "county": "changed", "date": "2023-01-22T12:27:44.914Z", "total": "0.00", "original_cart": "{\"36\": 1}", "stripe_pid": "pi_3MT2e1DEsL3QJnnR0fGYsM29"}}, {"model": "checkout.order", "pk": 8, "fields": {"order_number": "EA052C03B8D24C13BE48A7B5EAAFA0A2", "user_profile": 1, "full_name": "gfds", "email": "g@g.com", "newsletter_signup": false, "phone_number": "00000", "postcode": "42424", "town_or_city": "test", "street_address1": "test", "street_address2": "test", "county": "changed", "date": "2023-01-22T12:27:50.500Z", "total": "0.00", "original_cart": "{\"36\": 1}", "stripe_pid": "pi_3MT2e1DEsL3QJnnR0fGYsM29"}}, {"model": "checkout.order", "pk": 9, "fields": {"order_number": "5888B80EDAE24BFAA4CF3C309651781C", "user_profile": 1, "full_name": "fdsa", "email": "g@g.com", "newsletter_signup": false, "phone_number": "00000", "postcode": "42424", "town_or_city": "test", "street_address1": "test", "street_address2": "test", "county": "changed", "date": "2023-01-22T13:21:44.796Z", "total": "0.00", "original_cart": "{\"36\": 2}", "stripe_pid": "pi_3MT2X0DEsL3QJnnR1qxlwsRT"}}, {"model": "checkout.order", "pk": 10, "fields": {"order_number": "D2B6052ECCA54C609C2446168F1596C1", "user_profile": 1, "full_name": "gfds", "email": "g@g.com", "newsletter_signup": false, "phone_number": "00000", "postcode": "42424", "town_or_city": "test", "street_address1": "test", "street_address2": "test", "county": "changed", "date": "2023-01-22T13:23:32.552Z", "total": "0.00", "original_cart": "{\"36\": 1}", "stripe_pid": "pi_3MT2ZBDEsL3QJnnR0z5z5ArI"}}, {"model": "checkout.order", "pk": 11, "fields": {"order_number": "49280666B1DD46BFBCD548B43EE33921", "user_profile": 1, "full_name": "e", "email": "g@g.com", "newsletter_signup": false, "phone_number": "00000", "postcode": "42424", "town_or_city": "test", "street_address1": "test", "street_address2": "test", "county": "changed", "date": "2023-02-08T16:27:05.769Z", "total": "10.00", "original_cart": "{\"45\": 2, \"43\": 3}", "stripe_pid": "pi_3MZGTgDEsL3QJnnR1zWFlrAp"}}, {"model": "checkout.order", "pk": 12, "fields": {"order_number": "EC3C1A590CF34E0287FEA3D5CF89659D", "user_profile": 1, "full_name": "fdsa", "email": "g@g.com", "newsletter_signup": false, "phone_number": "00000", "postcode": "42424", "town_or_city": "test", "street_address1": "test", "street_address2": "test", "county": "changed", "date": "2023-02-08T16:29:43.388Z", "total": "2.00", "original_cart": "{\"45\": 1}", "stripe_pid": "pi_3MZGWRDEsL3QJnnR1vZnLLZk"}}, {"model": "checkout.order", "pk": 13, "fields": {"order_number": "618FB8D0A5374D65B9791361FDFC671E", "user_profile": null, "full_name": "gfsd", "email": "f@dr.com", "newsletter_signup": false, "phone_number": "fdsa", "postcode": null, "town_or_city": "shef", "street_address1": "3 r", "street_address2": null, "county": null, "date": "2023-02-09T19:27:09.099Z", "total": "8.00", "original_cart": "{\"43\": 1}", "stripe_pid": "pi_3MZfkWDEsL3QJnnR0PaZr9kz"}}, {"model": "checkout.order", "pk": 14, "fields": {"order_number": "E10EB9DDED644C4ABA1103FDB599B57E", "user_profile": 1, "full_name": "grdts", "email": "g@g.com", "newsletter_signup": false, "phone_number": "2", "postcode": null, "town_or_city": "gfds", "street_address1": "2", "street_address2": null, "county": null, "date": "2023-02-12T17:05:30.899Z", "total": "7.50", "original_cart": "{\"45\": 1}", "stripe_pid": "pi_3MaiygDEsL3QJnnR0aJfEQ9j"}}, {"model": "checkout.orderlineitem", "pk": 11, "fields": {"order": 11, "product": 45, "quantity": 2, "lineitem_total": "4.00"}}, {"model": "checkout.orderlineitem", "pk": 12, "fields": {"order": 11, "product": 43, "quantity": 3, "lineitem_total": "6.00"}}, {"model": "checkout.orderlineitem", "pk": 13, "fields": {"order": 12, "product": 45, "quantity": 1, "lineitem_total": "2.00"}}, {"model": "checkout.orderlineitem", "pk": 14, "fields": {"order": 13, "product": 43, "quantity": 1, "lineitem_total": "8.00"}}, {"model": "checkout.orderlineitem", "pk": 15, "fields": {"order": 14, "product": 45, "quantity": 1, "lineitem_total": "7.50"}}, {"model": "events.event", "pk": 5, "fields": {"name": "Windmill", "image": "events/brixton-windmill.jpeg", "link": "https://www.windmillbrixton.co.uk/", "date": "2022-10-18"}}, {"model": "events.event", "pk": 6, "fields": {"name": "Glastonbury", "image": "events/glastonbury.jpeg", "link": "https://www.glastonburyfestivals.co.uk/", "date": "2022-07-28"}}, {"model": "events.event", "pk": 7, "fields": {"name": "Opera House", "image": "events/opera-house.jpeg", "link": "https://opera.org.au/sydney/?gclid=Cj0KCQiAofieBhDXARIsAHTTldpfasNo8OJkC--4NRJPpAJfn19lsf67Xl_7KsUc98XlF5MFg7f-qI4aAuQDEALw_wcB", "date": "2022-04-26"}}, {"model": "events.event", "pk": 8, "fields": {"name": "Leeds Market", "image": "events/leeds-market.jpeg", "link": "https://www.visitleeds.co.uk/things-to-do/family-friendly-days-out/leeds-kirkgate-market/", "date": "2021-12-14"}}, {"model": "events.event", "pk": 9, "fields": {"name": "Leeds Football", "image": "events/leeds-stadium.jpeg", "link": "https://www.premierleague.com/clubs/9/Leeds-United/stadium", "date": "2023-02-04"}}, {"model": "events.event", "pk": 10, "fields": {"name": "Tramlines", "image": "events/tramlines.jpeg", "link": "https://tramlines.org.uk/", "date": "2022-08-03"}}, {"model": "products.category", "pk": 1, "fields": {"name": "Bratwurst"}}, {"model": "products.category", "pk": 2, "fields": {"name": "Chicken"}}, {"model": "products.category", "pk": 3, "fields": {"name": "Burger"}}, {"model": "products.product", "pk": 43, "fields": {"category": 1, "name": "Double Pig", "short_description": "Bacon loaded Bratwurst", "description": "Our traditional Bratwurst piled with masses of home smoked crispy bacon.  Great with dollops of mustard, onions and rocket.", "price": "8.00", "image": "product_images/bratwurst-bacon.jpeg"}}, {"model": "products.product", "pk": 45, "fields": {"category": 1, "name": "Smokey One", "short_description": "Seriously smoked", "description": "Multi-award winning and stupendously smoked! This is the one for you if you love full flavours and beautiful aromas.", "price": "7.50", "image": "product_images/bratwurst-special.jpeg"}}, {"model": "products.product", "pk": 46, "fields": {"category": 1, "name": "Spring Onion", "short_description": "Sprinkled with onions", "description": "The traditional Bratwurst topped with fresh crisp spring onions. A top seller complimented perfectly by out homemade ketchup.", "price": "7.00", "image": "product_images/bratwurst-spring-onion.jpeg"}}, {"model": "products.product", "pk": 47, "fields": {"category": 3, "name": "Chorizo Burger", "short_description": "Beef n Pork", "description": "Perhaps the perfect combination. The best burger you'll ever find, complimented perfectly with chorizo.", "price": "7.00", "image": "product_images/burger-chorizo-egg.jpeg"}}, {"model": "products.product", "pk": 48, "fields": {"category": 3, "name": "Double Cheese", "short_description": "Two burgers", "description": "Double trouble! Two of our wonderful burgers topped with award winning, locally produced cheddar cheese.", "price": "8.00", "image": "product_images/burger-double-cheese.jpeg"}}, {"model": "products.product", "pk": 49, "fields": {"category": 3, "name": "Shroomy", "short_description": "With mushrooms", "description": "Get Wurst's amazing burger paired with perfectly seasoned locally picked mushrooms.", "price": "2.00", "image": "product_images/burger-mushrooms.jpeg"}}, {"model": "products.product", "pk": 50, "fields": {"category": 3, "name": "Seriously Salsa", "short_description": "Tomato relish topped", "description": "This is for the flavour lovers! Topped with a seriously sweet, tangy and slightly spicy home made tomato and herb salsa.", "price": "3.00", "image": "product_images/MJ_TERST_Y045uD3.png"}}, {"model": "products.product", "pk": 52, "fields": {"category": 2, "name": "Fried Chicken", "short_description": "Fried and battered", "description": "A selection of fried thigh and drumstick pieces. Coated in our award winning homemade batter.", "price": "5.00", "image": "product_images/chicken-fried-pieces.jpeg"}}, {"model": "products.product", "pk": 53, "fields": {"category": 2, "name": "BBQ Wings", "short_description": "Coated in BBQ sauce", "description": "The very best wings smothered in a rich tangy BBQ sauce. Very moreish!", "price": "33.00", "image": "product_images/chicken-wings-bbq.jpeg"}}, {"model": "products.product", "pk": 54, "fields": {"category": 2, "name": "Honey Wings", "short_description": "Sweet!", "description": "Like it sweet? These are the wings for you. The perfect combo we all love.", "price": "4.00", "image": "product_images/chicken-wings-honey_Em9K2zv.jpeg"}}, {"model": "products.product", "pk": 55, "fields": {"category": 2, "name": "Satay Wings", "short_description": "Peanut flavoured", "description": "Perfectly peanuty satay sauce covered chicken wings. Our best selling wings, find out why.", "price": "4.00", "image": "product_images/chicken-wings-satay.jpeg"}}, {"model": "products.product", "pk": 56, "fields": {"category": 2, "name": "Hot Wings", "short_description": "Slightly spiced wings", "description": "Perfectly spiced chicken wings coated in handmade crispy batter.", "price": "4.00", "image": "product_images/chicken-wings-hot.jpeg"}}, {"model": "profiles.userprofile", "pk": 1, "fields": {"user": 3, "default_phone_number": "2", "default_street_address1": "2", "default_street_address2": null, "default_town_or_city": "gfds", "default_county": null, "default_postcode": null}}, {"model": "profiles.userprofile", "pk": 2, "fields": {"user": 4, "default_phone_number": null, "default_street_address1": null, "default_street_address2": null, "default_town_or_city": null, "default_county": null, "default_postcode": null}}, {"model": "profiles.userprofile", "pk": 3, "fields": {"user": 5, "default_phone_number": null, "default_street_address1": null, "default_street_address2": null, "default_town_or_city": null, "default_county": null, "default_postcode": null}}, {"model": "profiles.userprofile", "pk": 4, "fields": {"user": 6, "default_phone_number": null, "default_street_address1": null, "default_street_address2": null, "default_town_or_city": null, "default_county": null, "default_postcode": null}}, {"model": "profiles.userprofile", "pk": 5, "fields": {"user": 7, "default_phone_number": null, "default_street_address1": null, "default_street_address2": null, "default_town_or_city": null, "default_county": null, "default_postcode": null}}, {"model": "profiles.userprofile", "pk": 6, "fields": {"user": 8, "default_phone_number": null, "default_street_address1": null, "default_street_address2": null, "default_town_or_city": null, "default_county": null, "default_postcode": null}}, {"model": "profiles.userprofile", "pk": 7, "fields": {"user": 9, "default_phone_number": null, "default_street_address1": null, "default_street_address2": null, "default_town_or_city": null, "default_county": null, "default_postcode": null}}, {"model": "profiles.userprofile", "pk": 8, "fields": {"user": 10, "default_phone_number": null, "default_street_address1": null, "default_street_address2": null, "default_town_or_city": null, "default_county": null, "default_postcode": null}}]