INSERT INTO django_migrations VALUES(5,'admin','0003_logentry_add_action_flag_choices','2022-09-02 07:02:21.462273');
INSERT INTO django_migrations VALUES(6,'contenttypes','0002_remove_content_type_name','2022-09-02 07:02:21.480964');
INSERT INTO django_migrations VALUES(7,'auth','0002_alter_permission_name_max_length','2022-09-02 07:02:21.492522');
INSERT INTO django_migrations VALUES(8,'auth','0003_alter_user_email_max_length','2022-09-02 07:02:21.503125');
INSERT INTO django_migrations VALUES(9,'auth','0004_alter_user_username_opts','2022-09-02 07:02:21.513729');
INSERT INTO django_migrations VALUES(10,'auth','0005_alter_user_last_login_null','2022-09-02 07:02:21.535006');
INSERT INTO django_migrations VALUES(11,'auth','0006_require_contenttypes_0002','2022-09-02 07:02:21.537762');
INSERT INTO django_migrations VALUES(12,'auth','0007_alter_validators_add_error_messages','2022-09-02 07:02:21.548618');
INSERT INTO django_migrations VALUES(13,'auth','0008_alter_user_username_max_length','2022-09-02 07:02:21.561115');
INSERT INTO django_migrations VALUES(14,'auth','0009_alter_user_last_name_max_length','2022-09-02 07:02:21.571884');
INSERT INTO django_migrations VALUES(15,'auth','0010_alter_group_name_max_length','2022-09-02 07:02:21.583888');
INSERT INTO django_migrations VALUES(16,'auth','0011_update_proxy_permissions','2022-09-02 07:02:21.592914');
INSERT INTO django_migrations VALUES(17,'auth','0012_alter_user_first_name_max_length','2022-09-02 07:02:21.605567');
INSERT INTO django_migrations VALUES(18,'sessions','0001_initial','2022-09-02 07:02:21.611322');
INSERT INTO django_migrations VALUES(19,'account','0001_initial','2022-09-02 08:05:04.600262');
INSERT INTO django_migrations VALUES(20,'account','0002_email_max_length','2022-09-02 08:05:04.611694');
INSERT INTO django_migrations VALUES(21,'sites','0001_initial','2022-09-02 08:05:04.614804');
INSERT INTO django_migrations VALUES(22,'sites','0002_alter_domain_unique','2022-09-02 08:05:04.619297');
INSERT INTO django_migrations VALUES(23,'socialaccount','0001_initial','2022-09-02 08:05:04.655269');
INSERT INTO django_migrations VALUES(24,'socialaccount','0002_token_max_lengths','2022-09-02 08:05:04.678951');
INSERT INTO django_migrations VALUES(25,'socialaccount','0003_extra_data_default_dict','2022-09-02 08:05:04.691549');
INSERT INTO django_migrations VALUES(26,'products','0001_initial','2022-09-02 15:45:39.368622');
INSERT INTO django_migrations VALUES(27,'products','0002_auto_20220904_1128','2022-09-04 11:30:53.663020');
INSERT INTO django_migrations VALUES(28,'profiles','0001_initial','2022-10-04 10:38:37.080482');
INSERT INTO django_migrations VALUES(29,'products','0003_auto_20220905_1017','2022-10-04 10:38:37.099351');
INSERT INTO django_migrations VALUES(30,'products','0004_alter_product_image','2022-10-04 10:38:37.110488');
INSERT INTO django_migrations VALUES(31,'products','0005_alter_product_image','2022-10-04 10:38:37.119884');
INSERT INTO django_migrations VALUES(32,'checkout','0001_initial','2022-10-04 10:38:37.133206');
INSERT INTO django_migrations VALUES(33,'checkout','0002_remove_order_order_total','2022-10-04 10:38:37.141725');
INSERT INTO django_migrations VALUES(34,'checkout','0003_auto_20220922_1326','2022-10-04 10:38:37.159221');
INSERT INTO django_migrations VALUES(35,'checkout','0004_rename_stripe_id_order_stripe_pid','2022-10-04 10:38:37.168235');
INSERT INTO django_migrations VALUES(36,'checkout','0005_order_user_profile','2022-10-04 10:38:37.192679');
INSERT INTO django_migrations VALUES(37,'faq','0001_initial','2022-10-04 10:38:37.236253');
INSERT INTO django_migrations VALUES(38,'products','0006_alter_product_image','2022-10-04 10:38:37.246683');
INSERT INTO django_migrations VALUES(39,'products','0007_alter_product_image','2022-10-04 10:38:37.257608');
INSERT INTO django_migrations VALUES(40,'profiles','0002_userprofile_default_county','2022-10-04 10:38:37.276210');
INSERT INTO django_migrations VALUES(41,'django_summernote','0001_initial','2022-10-05 15:23:38.399046');
INSERT INTO django_migrations VALUES(42,'django_summernote','0002_update-help_text','2022-10-05 15:23:38.403159');
INSERT INTO django_migrations VALUES(43,'django_summernote','0003_alter_attachment_id','2022-10-05 15:23:38.410110');
INSERT INTO django_migrations VALUES(44,'faq','0002_remove_question_title','2022-10-05 15:23:38.422608');
INSERT INTO django_migrations VALUES(46,'faq','0002_auto_20221006_1149','2022-10-06 20:33:05.892080');
INSERT INTO django_migrations VALUES(47,'faq','0003_remove_question_author','2022-10-06 20:33:05.912620');
INSERT INTO django_migrations VALUES(48,'faq','0004_remove_answer_author','2022-10-06 20:33:05.932852');
INSERT INTO django_migrations VALUES(49,'faq','0005_rename_body_answer_answer','2022-10-06 20:33:05.939160');
INSERT INTO django_migrations VALUES(50,'faq','0006_auto_20221006_1507','2022-10-06 20:33:05.947513');
INSERT INTO django_migrations VALUES(51,'faq','0007_merge_20221006_2006','2022-10-06 20:33:05.949592');
INSERT INTO django_migrations VALUES(52,'faq','0008_alter_answer_question','2022-10-06 20:33:05.954044');
INSERT INTO django_migrations VALUES(54,'faq','0002_auto_20221009_1330','2022-10-09 13:30:55.637503');
INSERT INTO django_migrations VALUES(55,'profiles','0003_userprofile_email_answer','2022-10-11 13:58:02.034506');
INSERT INTO django_migrations VALUES(56,'faq','0003_question_email_on_answer','2022-10-11 18:32:29.168569');
INSERT INTO django_migrations VALUES(57,'profiles','0004_remove_userprofile_email_answer','2022-10-12 11:29:15.476175');
INSERT INTO django_migrations VALUES(58,'faq','0004_auto_20221012_1852','2022-10-12 18:52:37.112283');
INSERT INTO django_migrations VALUES(59,'products','0008_auto_20221015_1936','2022-10-15 19:38:35.379320');
INSERT INTO django_migrations VALUES(60,'products','0009_alter_product_category','2022-10-15 19:38:35.406000');
INSERT INTO django_migrations VALUES(61,'products','0010_product_short_description','2022-10-15 20:11:42.709686');
INSERT INTO django_migrations VALUES(62,'products','0011_alter_product_short_description','2022-10-15 20:17:23.027219');
INSERT INTO django_migrations VALUES(63,'products','0012_fake','2022-10-22 07:55:16.940866');
INSERT INTO django_migrations VALUES(64,'products','0013_fake_category','2022-10-22 07:58:29.426930');
INSERT INTO django_migrations VALUES(65,'products','0014_auto_20221022_1001','2022-10-25 10:27:07.869733');
INSERT INTO django_migrations VALUES(66,'products','0015_auto_20221022_1107','2022-10-25 10:27:07.899568');
INSERT INTO django_migrations VALUES(67,'products','0016_remove_fake_image','2022-10-25 10:27:07.909253');
INSERT INTO django_migrations VALUES(68,'products','0017_auto_20221025_1026','2022-10-25 10:27:07.951093');
INSERT INTO django_migrations VALUES(69,'products','0018_auto_20221027_0954','2022-10-27 09:54:27.799653');
INSERT INTO django_migrations VALUES(70,'products','0019_alter_product_category','2022-10-31 17:58:58.087776');
INSERT INTO django_migrations VALUES(71,'events','0001_initial','2022-12-16 13:13:02.936142');
INSERT INTO django_migrations VALUES(72,'events','0002_event_name','2022-12-19 12:57:25.669092');
INSERT INTO django_migrations VALUES(73,'events','0003_event_image','2022-12-19 12:57:25.681562');
INSERT INTO django_migrations VALUES(74,'events','0004_event_link','2022-12-19 12:57:25.689828');
INSERT INTO django_migrations VALUES(75,'events','0002_auto_20221219_1520','2022-12-19 15:20:37.257250');
INSERT INTO django_migrations VALUES(76,'products','0020_alter_product_image','2022-12-19 15:20:37.268425');
INSERT INTO django_migrations VALUES(77,'events','0002_event_date','2023-01-02 11:02:34.636149');
INSERT INTO django_migrations VALUES(78,'products','0021_delete_fake','2023-01-02 11:02:34.641074');
INSERT INTO django_migrations VALUES(79,'faq','0005_question_has_published_answer','2023-02-15 13:21:34.276159');
INSERT INTO django_migrations VALUES(80,'faq','0006_remove_question_has_published_answer','2023-02-16 15:07:13.374949');
INSERT INTO django_migrations VALUES(81,'checkout','0002_alter_order_phone_number','2024-11-22 11:02:10.119211');
INSERT INTO django_migrations VALUES(82,'checkout','0003_order_email_on_answer','2024-11-22 11:02:10.124179');
INSERT INTO django_migrations VALUES(83,'checkout','0004_rename_email_on_answer_order_newsletter_signup','2024-11-22 11:02:10.129068');
INSERT INTO django_migrations VALUES(84,'profiles','0002_alter_userprofile_default_phone_number','2024-11-22 11:02:10.135926');
CREATE TABLE IF NOT EXISTS "auth_group_permissions" ("id" integer NOT NULL PRIMARY KEY AUTOINCREMENT, "group_id" integer NOT NULL REFERENCES "auth_group" ("id") DEFERRABLE INITIALLY DEFERRED, "permission_id" integer NOT NULL REFERENCES "auth_permission" ("id") DEFERRABLE INITIALLY DEFERRED);
CREATE TABLE IF NOT EXISTS "auth_user_groups" ("id" integer NOT NULL PRIMARY KEY AUTOINCREMENT, "user_id" integer NOT NULL REFERENCES "auth_user" ("id") DEFERRABLE INITIALLY DEFERRED, "group_id" integer NOT NULL REFERENCES "auth_group" ("id") DEFERRABLE INITIALLY DEFERRED);
CREATE TABLE IF NOT EXISTS "auth_user_user_permissions" ("id" integer NOT NULL PRIMARY KEY AUTOINCREMENT, "user_id" integer NOT NULL REFERENCES "auth_user" ("id") DEFERRABLE INITIALLY DEFERRED, "permission_id" integer NOT NULL REFERENCES "auth_permission" ("id") DEFERRABLE INITIALLY DEFERRED);
CREATE TABLE IF NOT EXISTS "django_admin_log" ("id" integer NOT NULL PRIMARY KEY AUTOINCREMENT, "action_time" datetime NOT NULL, "object_id" text NULL, "object_repr" varchar(200) NOT NULL, "change_message" text NOT NULL, "content_type_id" integer NULL REFERENCES "django_content_type" ("id") DEFERRABLE INITIALLY DEFERRED, "user_id" integer NOT NULL REFERENCES "auth_user" ("id") DEFERRABLE INITIALLY DEFERRED, "action_flag" smallint unsigned NOT NULL CHECK ("action_flag" >= 0));
INSERT INTO django_admin_log VALUES(1,'2022-09-02 08:05:46.745346','1','shop.com','[{"changed": {"fields": ["Domain name", "Display name"]}}]',7,1,2);
INSERT INTO django_admin_log VALUES(2,'2022-09-02 08:09:49.927066','1','a@a.com','[{"changed": {"fields": ["Verified", "Primary"]}}]',8,1,2);
INSERT INTO django_admin_log VALUES(3,'2022-09-02 17:16:03.660844','1','dea','[{"added": {}}]',13,1,1);
INSERT INTO django_admin_log VALUES(4,'2022-09-02 17:27:21.423586','1','dea','',13,1,3);
INSERT INTO django_admin_log VALUES(5,'2022-09-03 10:06:31.750674','2','qqq','[{"added": {}}]',13,1,1);
INSERT INTO django_admin_log VALUES(6,'2022-10-05 10:40:36.156854','2','s@s.com','[{"changed": {"fields": ["Verified"]}}]',8,3,2);
INSERT INTO django_admin_log VALUES(7,'2022-10-05 10:43:04.716372','1','ecomm','[{"added": {}}]',11,3,1);
INSERT INTO django_admin_log VALUES(8,'2022-10-05 10:57:11.546090','1','ecomm','[{"changed": {"fields": ["Client id", "Secret key"]}}]',11,3,2);
INSERT INTO django_admin_log VALUES(9,'2022-10-05 10:58:22.161162','1','ecomm','',11,3,3);
INSERT INTO django_admin_log VALUES(10,'2022-10-05 11:34:17.458281','2','ecomm','[{"added": {}}]',11,3,1);
INSERT INTO django_admin_log VALUES(11,'2022-10-05 11:38:50.206156','1','https://8000-mjjstockman-ecomm-vvv80wnlzj2.ws-eu67.gitpod.io/','[{"changed": {"fields": ["Domain name", "Display name"]}}]',7,3,2);
INSERT INTO django_admin_log VALUES(12,'2022-10-05 12:57:28.033757','1','127.0.0.1:8000','[{"changed": {"fields": ["Domain name", "Display name"]}}]',7,3,2);
INSERT INTO django_admin_log VALUES(13,'2022-10-05 12:57:41.509437','2','ecomm','[]',11,3,2);
INSERT INTO django_admin_log VALUES(14,'2022-10-05 13:26:24.116620','2','ecomm','[{"changed": {"fields": ["Client id", "Secret key"]}}]',11,3,2);
INSERT INTO django_admin_log VALUES(15,'2022-10-05 13:27:01.701075','2','ecomm','[]',11,3,2);
INSERT INTO django_admin_log VALUES(16,'2022-10-05 16:00:38.169721','1','grdsg grew hterw htrwe htrw','[{"added": {}}]',15,3,1);
INSERT INTO django_admin_log VALUES(17,'2022-10-05 16:26:01.190347','1','grdsg grew hterw htrwe htrw','[]',15,3,2);
INSERT INTO django_admin_log VALUES(18,'2022-10-06 20:36:27.048729','1','Answer to grdsg grew hterw htrwe htrw','[{"added": {}}]',16,3,1);
INSERT INTO django_admin_log VALUES(19,'2022-10-06 20:41:40.446621','1','Answer to grdsg grew hterw htrwe htrw','[{"changed": {"fields": ["Body", "Status"]}}]',16,3,2);
INSERT INTO django_admin_log VALUES(20,'2022-10-06 20:42:29.950537','2','gy grewg grew gfew gfr ewg rew grew','[{"added": {}}]',15,3,1);
INSERT INTO django_admin_log VALUES(21,'2022-10-07 10:23:00.407963','3','this is a qion','[{"added": {}}]',15,3,1);
INSERT INTO django_admin_log VALUES(22,'2022-10-07 10:31:19.809952','2','Answer to this is a qion','[{"changed": {"fields": ["Question"]}}]',16,3,2);
INSERT INTO django_admin_log VALUES(23,'2022-10-07 11:18:57.141446','3','Answer to None','',16,3,3);
INSERT INTO django_admin_log VALUES(24,'2022-10-07 12:25:47.518500','4','NEW NEW NEW NEW','[{"added": {}}]',15,3,1);
INSERT INTO django_admin_log VALUES(25,'2022-10-07 14:10:23.691380','6','Answer to NEW NEW NEW NEW','',16,3,3);
INSERT INTO django_admin_log VALUES(26,'2022-10-07 15:44:39.152385','7','Answer to NEW NEW NEW NEW','[{"changed": {"fields": ["Status"]}}]',16,3,2);
INSERT INTO django_admin_log VALUES(27,'2022-10-07 16:40:30.664392','4','Answer to None','',16,3,3);
INSERT INTO django_admin_log VALUES(28,'2022-10-08 09:30:55.746910','9','Answer to this is a qion','',16,3,3);
INSERT INTO django_admin_log VALUES(29,'2022-10-08 09:30:55.749245','8','Answer to this is a qion','',16,3,3);
INSERT INTO django_admin_log VALUES(30,'2022-10-08 11:46:32.386720','10','Answer to this is a qion','[{"changed": {"fields": ["Status"]}}]',16,3,2);
INSERT INTO django_admin_log VALUES(31,'2022-10-08 11:47:12.291075','11','Answer to this is a qion','[{"changed": {"fields": ["Status"]}}]',16,3,2);
INSERT INTO django_admin_log VALUES(32,'2022-10-08 12:01:45.346350','12','Answer to this is a qion','[{"changed": {"fields": ["Body"]}}]',16,3,2);
INSERT INTO django_admin_log VALUES(33,'2022-10-08 12:01:57.101787','13','Answer to gy grewg grew gfew gfr ewg rew grew','[{"changed": {"fields": ["Body"]}}]',16,3,2);
INSERT INTO django_admin_log VALUES(34,'2022-10-08 12:02:08.364431','10','Answer to this is a qion','[{"changed": {"fields": ["Body"]}}]',16,3,2);
INSERT INTO django_admin_log VALUES(35,'2022-10-08 12:02:24.794580','11','Answer to this is a qion','[{"changed": {"fields": ["Body"]}}]',16,3,2);
INSERT INTO django_admin_log VALUES(36,'2022-10-08 12:02:37.831730','7','Answer to NEW NEW NEW NEW','[{"changed": {"fields": ["Body"]}}]',16,3,2);
INSERT INTO django_admin_log VALUES(37,'2022-10-08 12:02:50.519657','5','Answer to gy grewg grew gfew gfr ewg rew grew','[{"changed": {"fields": ["Body"]}}]',16,3,2);
INSERT INTO django_admin_log VALUES(38,'2022-10-08 12:03:08.714727','2','Answer to this is a qion','[{"changed": {"fields": ["Body"]}}]',16,3,2);
INSERT INTO django_admin_log VALUES(39,'2022-10-08 12:03:24.458338','1','Answer to grdsg grew hterw htrwe htrw','[{"changed": {"fields": ["Body"]}}]',16,3,2);
INSERT INTO django_admin_log VALUES(40,'2022-10-08 12:05:17.415621','14','Answer to NEW NEW NEW NEW','[{"changed": {"fields": ["Status"]}}]',16,3,2);
INSERT INTO django_admin_log VALUES(41,'2022-10-08 12:45:07.730561','2','Answer to this is a qion','[{"changed": {"fields": ["Status"]}}]',16,3,2);
INSERT INTO django_admin_log VALUES(42,'2022-10-09 13:28:46.316258','15','Answer to NEW NEW NEW NEW','',16,3,3);
INSERT INTO django_admin_log VALUES(43,'2022-10-09 13:28:46.319188','14','Answer to NEW NEW NEW NEW','',16,3,3);
INSERT INTO django_admin_log VALUES(44,'2022-10-09 13:28:46.320714','13','Answer to gy grewg grew gfew gfr ewg rew grew','',16,3,3);
INSERT INTO django_admin_log VALUES(45,'2022-10-09 13:28:46.323264','12','Answer to this is a qion','',16,3,3);
INSERT INTO django_admin_log VALUES(46,'2022-10-09 13:28:46.324753','11','Answer to this is a qion','',16,3,3);
INSERT INTO django_admin_log VALUES(47,'2022-10-09 13:28:46.326457','10','Answer to this is a qion','',16,3,3);
INSERT INTO django_admin_log VALUES(48,'2022-10-09 13:28:46.327838','7','Answer to NEW NEW NEW NEW','',16,3,3);
INSERT INTO django_admin_log VALUES(49,'2022-10-09 13:28:46.329254','5','Answer to gy grewg grew gfew gfr ewg rew grew','',16,3,3);
INSERT INTO django_admin_log VALUES(50,'2022-10-09 13:28:46.330654','2','Answer to this is a qion','',16,3,3);
INSERT INTO django_admin_log VALUES(51,'2022-10-09 13:28:46.332274','1','Answer to grdsg grew hterw htrwe htrw','',16,3,3);
INSERT INTO django_admin_log VALUES(52,'2022-10-09 13:28:59.726987','6','i have a question','',15,3,3);
INSERT INTO django_admin_log VALUES(53,'2022-10-09 13:28:59.729363','5','fffffff','',15,3,3);
INSERT INTO django_admin_log VALUES(54,'2022-10-09 13:28:59.730995','4','NEW NEW NEW NEW','',15,3,3);
INSERT INTO django_admin_log VALUES(55,'2022-10-09 13:28:59.732952','3','this is a qion','',15,3,3);
INSERT INTO django_admin_log VALUES(56,'2022-10-09 13:28:59.734816','2','gy grewg grew gfew gfr ewg rew grew','',15,3,3);
INSERT INTO django_admin_log VALUES(57,'2022-10-09 13:28:59.736296','1','grdsg grew hterw htrwe htrw','',15,3,3);
INSERT INTO django_admin_log VALUES(58,'2022-10-09 14:47:03.291375','3','g@g.com','[{"changed": {"fields": ["Verified", "Primary"]}}]',8,3,2);
INSERT INTO django_admin_log VALUES(59,'2022-10-09 15:42:41.681534','18','Answer to fdasfdsa','[{"changed": {"fields": ["Status"]}}]',16,3,2);
INSERT INTO django_admin_log VALUES(60,'2022-10-09 15:44:36.406292','2','fdasfdsa','',15,3,3);
INSERT INTO django_admin_log VALUES(61,'2022-10-09 18:37:38.179348','28','Answer to Q1','[{"changed": {"fields": ["Status"]}}]',16,3,2);
INSERT INTO django_admin_log VALUES(62,'2022-10-09 18:50:28.407268','26','Answer to Q1','[{"changed": {"fields": ["Status"]}}]',16,3,2);
INSERT INTO django_admin_log VALUES(63,'2022-10-10 10:40:24.019370','35','Answer to Q1','[{"changed": {"fields": ["Status"]}}]',16,3,2);
INSERT INTO django_admin_log VALUES(64,'2022-10-10 10:48:25.788417','34','Answer to Q1','[{"changed": {"fields": ["Status"]}}]',16,3,2);
INSERT INTO django_admin_log VALUES(65,'2022-10-10 11:22:50.632665','38','Answer to Q1','[{"changed": {"fields": ["Status"]}}]',16,3,2);
INSERT INTO django_admin_log VALUES(66,'2022-10-10 12:53:51.663701','41','Answer to Q1','[{"changed": {"fields": ["Status"]}}]',16,3,2);
INSERT INTO django_admin_log VALUES(67,'2022-10-10 12:56:02.547595','42','Answer to Q1','[{"changed": {"fields": ["Status"]}}]',16,3,2);
INSERT INTO django_admin_log VALUES(68,'2022-10-10 13:11:01.189612','43','Answer to Q1','[{"changed": {"fields": ["Status"]}}]',16,3,2);
INSERT INTO django_admin_log VALUES(69,'2022-10-10 13:15:35.282584','36','Answer to Q1','[{"changed": {"fields": ["Status"]}}]',16,3,2);
INSERT INTO django_admin_log VALUES(70,'2022-10-10 13:18:04.576651','41','Answer to Q1','[{"changed": {"fields": ["Status"]}}]',16,3,2);
INSERT INTO django_admin_log VALUES(71,'2022-10-10 13:18:15.541615','42','Answer to Q1','[{"changed": {"fields": ["Status"]}}]',16,3,2);
INSERT INTO django_admin_log VALUES(72,'2022-10-10 13:18:23.046767','43','Answer to Q1','[{"changed": {"fields": ["Status"]}}]',16,3,2);
INSERT INTO django_admin_log VALUES(73,'2022-10-10 13:18:29.421728','44','Answer to Q1','[{"changed": {"fields": ["Status"]}}]',16,3,2);
INSERT INTO django_admin_log VALUES(74,'2022-10-10 13:50:40.487215','44','Answer to Q1','[{"changed": {"fields": ["Status"]}}]',16,3,2);
INSERT INTO django_admin_log VALUES(75,'2022-10-10 14:12:43.902435','11','gfsdagfdgfda','[{"changed": {"fields": ["Status"]}}]',15,3,2);
INSERT INTO django_admin_log VALUES(76,'2022-10-10 14:13:33.484683','44','Answer to Q1','[{"changed": {"fields": ["Status"]}}]',16,3,2);
INSERT INTO django_admin_log VALUES(77,'2022-10-10 14:18:15.828383','44','Answer to Q1','[{"changed": {"fields": ["Status"]}}]',16,3,2);
INSERT INTO django_admin_log VALUES(78,'2022-10-10 14:18:22.047825','44','Answer to Q1','[{"changed": {"fields": ["Status"]}}]',16,3,2);
INSERT INTO django_admin_log VALUES(79,'2022-10-10 14:19:05.202353','44','Answer to Q1','[{"changed": {"fields": ["Status"]}}]',16,3,2);
INSERT INTO django_admin_log VALUES(80,'2022-10-10 14:19:09.941444','44','Answer to Q1','[{"changed": {"fields": ["Status"]}}]',16,3,2);
INSERT INTO django_admin_log VALUES(81,'2022-10-10 14:19:35.097909','44','Answer to Q1','[{"changed": {"fields": ["Status"]}}]',16,3,2);
INSERT INTO django_admin_log VALUES(82,'2022-10-10 14:19:39.841540','44','Answer to Q1','[{"changed": {"fields": ["Status"]}}]',16,3,2);
INSERT INTO django_admin_log VALUES(83,'2022-10-10 14:22:02.111633','44','Answer to Q1','[{"changed": {"fields": ["Author"]}}]',16,3,2);
INSERT INTO django_admin_log VALUES(84,'2022-10-10 14:22:17.171910','44','Answer to Q1','[{"changed": {"fields": ["Status"]}}]',16,3,2);
INSERT INTO django_admin_log VALUES(85,'2022-10-10 14:22:22.104654','44','Answer to Q1','[{"changed": {"fields": ["Status"]}}]',16,3,2);
INSERT INTO django_admin_log VALUES(86,'2022-10-10 14:26:24.103657','1','Q1','',15,3,3);
INSERT INTO django_admin_log VALUES(87,'2022-10-10 14:27:16.280315','9','asdfgh','[{"changed": {"fields": ["Author"]}}]',15,3,2);
INSERT INTO django_admin_log VALUES(88,'2022-10-10 14:27:22.564465','6','vbvb','[{"changed": {"fields": ["Author"]}}]',15,3,2);
INSERT INTO django_admin_log VALUES(89,'2022-10-10 14:28:20.056446','43','Answer to None','',16,3,3);
INSERT INTO django_admin_log VALUES(90,'2022-10-10 14:28:20.058748','42','Answer to None','',16,3,3);
INSERT INTO django_admin_log VALUES(91,'2022-10-10 14:28:20.060245','41','Answer to None','',16,3,3);
INSERT INTO django_admin_log VALUES(92,'2022-10-10 14:28:20.062094','40','Answer to None','',16,3,3);
INSERT INTO django_admin_log VALUES(93,'2022-10-10 14:28:20.063922','39','Answer to None','',16,3,3);
INSERT INTO django_admin_log VALUES(94,'2022-10-10 14:28:20.065461','38','Answer to None','',16,3,3);
INSERT INTO django_admin_log VALUES(95,'2022-10-10 14:28:20.066969','37','Answer to None','',16,3,3);
INSERT INTO django_admin_log VALUES(96,'2022-10-10 14:28:20.068526','36','Answer to None','',16,3,3);
INSERT INTO django_admin_log VALUES(97,'2022-10-10 14:28:20.070354','35','Answer to None','',16,3,3);
INSERT INTO django_admin_log VALUES(98,'2022-10-10 14:28:20.072024','34','Answer to None','',16,3,3);
INSERT INTO django_admin_log VALUES(99,'2022-10-10 14:28:20.073491','33','Answer to None','',16,3,3);
INSERT INTO django_admin_log VALUES(100,'2022-10-10 14:28:20.074859','32','Answer to None','',16,3,3);
INSERT INTO django_admin_log VALUES(101,'2022-10-10 14:28:20.076304','31','Answer to None','',16,3,3);
INSERT INTO django_admin_log VALUES(102,'2022-10-10 14:28:20.077837','30','Answer to None','',16,3,3);
INSERT INTO django_admin_log VALUES(103,'2022-10-10 14:28:20.079468','29','Answer to None','',16,3,3);
INSERT INTO django_admin_log VALUES(104,'2022-10-10 14:28:20.080843','28','Answer to None','',16,3,3);
INSERT INTO django_admin_log VALUES(105,'2022-10-10 14:28:20.082448','27','Answer to None','',16,3,3);
INSERT INTO django_admin_log VALUES(106,'2022-10-10 14:28:20.083987','26','Answer to None','',16,3,3);
INSERT INTO django_admin_log VALUES(107,'2022-10-10 14:28:20.085433','25','Answer to None','',16,3,3);
INSERT INTO django_admin_log VALUES(108,'2022-10-10 14:28:20.086832','24','Answer to None','',16,3,3);
INSERT INTO django_admin_log VALUES(109,'2022-10-10 14:28:20.088197','23','Answer to None','',16,3,3);
INSERT INTO django_admin_log VALUES(110,'2022-10-10 14:28:20.089746','22','Answer to None','',16,3,3);
INSERT INTO django_admin_log VALUES(111,'2022-10-10 14:28:20.091223','21','Answer to None','',16,3,3);
INSERT INTO django_admin_log VALUES(112,'2022-10-10 14:28:20.092751','20','Answer to None','',16,3,3);
INSERT INTO django_admin_log VALUES(113,'2022-10-10 14:28:20.094100','19','Answer to None','',16,3,3);
INSERT INTO django_admin_log VALUES(114,'2022-10-10 14:28:20.095725','18','Answer to None','',16,3,3);
INSERT INTO django_admin_log VALUES(115,'2022-10-10 14:28:20.097180','17','Answer to None','',16,3,3);
INSERT INTO django_admin_log VALUES(116,'2022-10-10 14:28:20.098762','16','Answer to None','',16,3,3);
INSERT INTO django_admin_log VALUES(117,'2022-10-10 14:28:20.100203','15','Answer to None','',16,3,3);
INSERT INTO django_admin_log VALUES(118,'2022-10-10 14:28:20.101523','14','Answer to None','',16,3,3);
INSERT INTO django_admin_log VALUES(119,'2022-10-10 14:28:20.102822','13','Answer to None','',16,3,3);
INSERT INTO django_admin_log VALUES(120,'2022-10-10 14:28:20.104127','12','Answer to None','',16,3,3);
INSERT INTO django_admin_log VALUES(121,'2022-10-10 14:28:20.106395','11','Answer to None','',16,3,3);
INSERT INTO django_admin_log VALUES(122,'2022-10-10 14:28:20.107780','10','Answer to None','',16,3,3);
INSERT INTO django_admin_log VALUES(123,'2022-10-10 14:28:20.109203','9','Answer to None','',16,3,3);
INSERT INTO django_admin_log VALUES(124,'2022-10-10 14:28:20.110633','8','Answer to None','',16,3,3);
INSERT INTO django_admin_log VALUES(125,'2022-10-10 14:28:20.112194','7','Answer to None','',16,3,3);
INSERT INTO django_admin_log VALUES(126,'2022-10-10 14:28:20.114891','6','Answer to None','',16,3,3);
INSERT INTO django_admin_log VALUES(127,'2022-10-10 14:28:20.116387','5','Answer to None','',16,3,3);
INSERT INTO django_admin_log VALUES(128,'2022-10-10 14:28:20.117806','4','Answer to None','',16,3,3);
INSERT INTO django_admin_log VALUES(129,'2022-10-10 14:28:20.119864','3','Answer to None','',16,3,3);
INSERT INTO django_admin_log VALUES(130,'2022-10-10 14:28:20.121939','2','Answer to None','',16,3,3);
INSERT INTO django_admin_log VALUES(131,'2022-10-10 14:28:20.124067','1','Answer to None','',16,3,3);
INSERT INTO django_admin_log VALUES(132,'2022-10-10 14:29:05.078682','44','Answer to gfsdagfdgfda','[{"changed": {"fields": ["Question"]}}]',16,3,2);
INSERT INTO django_admin_log VALUES(133,'2022-10-10 14:29:25.001684','10','auth','',15,3,3);
INSERT INTO django_admin_log VALUES(134,'2022-10-10 14:29:25.003820','9','asdfgh','',15,3,3);
INSERT INTO django_admin_log VALUES(135,'2022-10-10 14:29:25.005859','8','qsdfg','',15,3,3);
INSERT INTO django_admin_log VALUES(136,'2022-10-10 14:29:25.007454','7','fghdfm','',15,3,3);
INSERT INTO django_admin_log VALUES(137,'2022-10-10 14:29:25.009110','6','vbvb','',15,3,3);
INSERT INTO django_admin_log VALUES(138,'2022-10-10 14:29:25.010584','5','dhf','',15,3,3);
INSERT INTO django_admin_log VALUES(139,'2022-10-10 14:29:25.011909','4','ddddddddd','',15,3,3);
INSERT INTO django_admin_log VALUES(140,'2022-10-10 14:29:25.013272','3','ertyu','',15,3,3);
INSERT INTO django_admin_log VALUES(141,'2022-10-10 14:32:09.742849','45','Answer to gfsdagfdgfda','[{"changed": {"fields": ["Status"]}}]',16,3,2);
INSERT INTO django_admin_log VALUES(142,'2022-10-10 14:32:45.584613','45','Answer to gfsdagfdgfda','[{"changed": {"fields": ["Status"]}}]',16,3,2);
INSERT INTO django_admin_log VALUES(143,'2022-10-10 14:32:52.053834','45','Answer to gfsdagfdgfda','[{"changed": {"fields": ["Status"]}}]',16,3,2);
INSERT INTO django_admin_log VALUES(144,'2022-10-10 14:48:51.813342','46','Answer to gfsdagfdgfda','[{"changed": {"fields": ["Status"]}}]',16,3,2);
INSERT INTO django_admin_log VALUES(145,'2022-10-10 16:49:19.069946','46','Answer to gfsdagfdgfda','[{"changed": {"fields": ["Status"]}}]',16,3,2);
INSERT INTO django_admin_log VALUES(146,'2022-10-10 16:49:27.673675','46','Answer to gfsdagfdgfda','[{"changed": {"fields": ["Status"]}}]',16,3,2);
INSERT INTO django_admin_log VALUES(147,'2022-10-10 16:50:31.924870','46','Answer to gfsdagfdgfda','[{"changed": {"fields": ["Status"]}}]',16,3,2);
INSERT INTO django_admin_log VALUES(148,'2022-10-10 16:52:14.665544','46','Answer to gfsdagfdgfda','[{"changed": {"fields": ["Status"]}}]',16,3,2);
INSERT INTO django_admin_log VALUES(149,'2022-10-10 16:57:35.017537','46','Answer to gfsdagfdgfda','[{"changed": {"fields": ["Status"]}}]',16,3,2);
INSERT INTO django_admin_log VALUES(150,'2022-10-10 16:57:41.539218','46','Answer to gfsdagfdgfda','[{"changed": {"fields": ["Status"]}}]',16,3,2);
INSERT INTO django_admin_log VALUES(151,'2022-10-10 16:58:13.623466','46','Answer to gfsdagfdgfda','[{"changed": {"fields": ["Status"]}}]',16,3,2);
INSERT INTO django_admin_log VALUES(152,'2022-10-10 16:58:19.116432','46','Answer to gfsdagfdgfda','[{"changed": {"fields": ["Status"]}}]',16,3,2);
INSERT INTO django_admin_log VALUES(153,'2022-10-10 17:32:21.163103','46','Answer to gfsdagfdgfda','[{"changed": {"fields": ["Status"]}}]',16,3,2);
INSERT INTO django_admin_log VALUES(154,'2022-10-10 17:32:27.451570','46','Answer to gfsdagfdgfda','[{"changed": {"fields": ["Status"]}}]',16,3,2);
INSERT INTO django_admin_log VALUES(155,'2022-10-10 17:33:18.832238','46','Answer to gfsdagfdgfda','[{"changed": {"fields": ["Status"]}}]',16,3,2);
INSERT INTO django_admin_log VALUES(156,'2022-10-10 17:33:25.530101','46','Answer to gfsdagfdgfda','[{"changed": {"fields": ["Status"]}}]',16,3,2);
INSERT INTO django_admin_log VALUES(157,'2022-10-10 17:34:46.466773','46','Answer to gfsdagfdgfda','[{"changed": {"fields": ["Status"]}}]',16,3,2);
INSERT INTO django_admin_log VALUES(158,'2022-10-10 17:34:52.522101','46','Answer to gfsdagfdgfda','[{"changed": {"fields": ["Status"]}}]',16,3,2);
INSERT INTO django_admin_log VALUES(159,'2022-10-10 17:36:08.763300','11','THIS IS A QION THIS IS A QION THIS IS A QION THIS IS A QION','[{"changed": {"fields": ["Body"]}}]',15,3,2);
INSERT INTO django_admin_log VALUES(160,'2022-10-10 17:36:18.755197','46','Answer to THIS IS A QION THIS IS A QION THIS IS A QION THIS IS A QION','[{"changed": {"fields": ["Status"]}}]',16,3,2);
INSERT INTO django_admin_log VALUES(161,'2022-10-10 17:36:25.196299','46','Answer to THIS IS A QION THIS IS A QION THIS IS A QION THIS IS A QION','[{"changed": {"fields": ["Status"]}}]',16,3,2);
INSERT INTO django_admin_log VALUES(162,'2022-10-10 17:37:36.329709','46','Answer to THIS IS A QION THIS IS A QION THIS IS A QION THIS IS A QION','[{"changed": {"fields": ["Status"]}}]',16,3,2);
INSERT INTO django_admin_log VALUES(163,'2022-10-10 17:37:43.557582','46','Answer to THIS IS A QION THIS IS A QION THIS IS A QION THIS IS A QION','[{"changed": {"fields": ["Status"]}}]',16,3,2);
INSERT INTO django_admin_log VALUES(164,'2022-10-10 17:38:31.203187','46','Answer to THIS IS A QION THIS IS A QION THIS IS A QION THIS IS A QION','[{"changed": {"fields": ["Status"]}}]',16,3,2);
INSERT INTO django_admin_log VALUES(165,'2022-10-10 17:38:36.222089','46','Answer to THIS IS A QION THIS IS A QION THIS IS A QION THIS IS A QION','[{"changed": {"fields": ["Status"]}}]',16,3,2);
INSERT INTO django_admin_log VALUES(166,'2022-10-10 18:41:03.972962','46','Answer to THIS IS A QION THIS IS A QION THIS IS A QION THIS IS A QION','[{"changed": {"fields": ["Status"]}}]',16,3,2);
INSERT INTO django_admin_log VALUES(167,'2022-10-10 18:41:11.060522','46','Answer to THIS IS A QION THIS IS A QION THIS IS A QION THIS IS A QION','[{"changed": {"fields": ["Status"]}}]',16,3,2);
INSERT INTO django_admin_log VALUES(168,'2022-10-11 12:14:05.749691','12','mnmnm','[{"changed": {"fields": ["Status"]}}]',15,3,2);
INSERT INTO django_admin_log VALUES(169,'2022-10-11 12:15:53.266722','47','Answer to mnmnm','[{"changed": {"fields": ["Status"]}}]',16,3,2);
INSERT INTO django_admin_log VALUES(170,'2022-10-11 18:55:24.639565','13','check','[{"changed": {"fields": ["Status"]}}]',15,3,2);
INSERT INTO django_admin_log VALUES(171,'2022-10-11 18:56:06.278933','50','Answer to check','[{"changed": {"fields": ["Status"]}}]',16,3,2);
INSERT INTO django_admin_log VALUES(172,'2022-10-11 18:59:15.286245','15','no check','[{"changed": {"fields": ["Status"]}}]',15,3,2);
INSERT INTO django_admin_log VALUES(173,'2022-10-11 18:59:50.359837','51','Answer to no check','[{"changed": {"fields": ["Status"]}}]',16,3,2);
INSERT INTO django_admin_log VALUES(174,'2022-10-12 11:39:39.499187','53','Answer to no check','[{"changed": {"fields": ["Status"]}}]',16,3,2);
INSERT INTO django_admin_log VALUES(175,'2022-10-12 11:39:45.967460','53','Answer to no check','[{"changed": {"fields": ["Status"]}}]',16,3,2);
INSERT INTO django_admin_log VALUES(176,'2022-10-12 11:40:25.555336','54','Answer to check','[{"changed": {"fields": ["Status"]}}]',16,3,2);
INSERT INTO django_admin_log VALUES(177,'2022-10-12 11:40:34.318599','54','Answer to check','[{"changed": {"fields": ["Status"]}}]',16,3,2);
INSERT INTO django_admin_log VALUES(178,'2022-10-14 22:35:25.431983','6','test product (tutor)','',13,3,3);
INSERT INTO django_admin_log VALUES(179,'2022-10-14 22:35:25.434166','5','nnn','',13,3,3);
INSERT INTO django_admin_log VALUES(180,'2022-10-14 22:35:25.435536','4','ddddd','',13,3,3);
INSERT INTO django_admin_log VALUES(181,'2022-10-14 22:35:25.437712','3','ccc','',13,3,3);
INSERT INTO django_admin_log VALUES(182,'2022-10-15 12:38:53.320804','7','qqq','',13,3,3);
INSERT INTO django_admin_log VALUES(183,'2022-10-15 13:05:26.364088','1','Bratwurst','[{"added": {}}]',14,3,1);
INSERT INTO django_admin_log VALUES(184,'2022-10-15 13:06:03.093023','2','Schnitzel','[{"added": {}}]',14,3,1);
INSERT INTO django_admin_log VALUES(185,'2022-10-15 20:22:03.105404','1','Pork','[{"added": {}}]',13,3,1);
INSERT INTO django_admin_log VALUES(186,'2022-10-18 16:13:02.185774','14','ew','[{"added": {}}]',13,3,1);
INSERT INTO django_admin_log VALUES(187,'2022-12-11 17:21:39.636447','61','Answer to THIS IS A QION THIS IS A QION THIS IS A QION THIS IS A QION','[{"changed": {"fields": ["Status"]}}]',16,3,2);
INSERT INTO django_admin_log VALUES(188,'2022-12-11 17:30:01.899648','21','dec 11 test, email checked','[{"changed": {"fields": ["Status"]}}]',15,3,2);
INSERT INTO django_admin_log VALUES(189,'2022-12-19 13:17:52.665040','1','Test','[{"added": {}}]',22,3,1);
INSERT INTO django_admin_log VALUES(190,'2022-12-19 15:18:15.643027','1','Test','',22,3,3);
INSERT INTO django_admin_log VALUES(191,'2022-12-19 20:42:07.970535','1','an event','[{"added": {}}]',22,3,1);
INSERT INTO django_admin_log VALUES(192,'2022-12-20 14:59:20.264896','23','eeeee','[{"added": {}}]',13,3,1);
INSERT INTO django_admin_log VALUES(193,'2022-12-20 15:02:24.585730','25','Test Product','[{"added": {}}]',13,3,1);
INSERT INTO django_admin_log VALUES(194,'2022-12-20 15:06:17.132668','26','Test','[{"changed": {"fields": ["Name"]}}]',13,3,2);
INSERT INTO django_admin_log VALUES(195,'2022-12-20 16:48:40.502965','27','others','',13,3,3);
INSERT INTO django_admin_log VALUES(196,'2022-12-20 16:48:40.505300','26','Test','',13,3,3);
INSERT INTO django_admin_log VALUES(197,'2022-12-20 16:48:40.507203','23','eeeee','',13,3,3);
INSERT INTO django_admin_log VALUES(198,'2023-01-01 22:38:45.797881','1','an event','[{"changed": {"fields": ["Link"]}}]',22,3,2);
INSERT INTO django_admin_log VALUES(199,'2023-01-02 11:35:40.380882','1','an event','[{"changed": {"fields": ["Date"]}}]',22,3,2);
INSERT INTO django_admin_log VALUES(200,'2023-01-02 12:28:17.011154','1','127.0.0.1:8000','[{"changed": {"fields": ["Display name"]}}]',7,3,2);
INSERT INTO django_admin_log VALUES(201,'2023-01-02 13:00:04.299360','1','ecomm-gw.herokuapp.com/','[{"changed": {"fields": ["Domain name"]}}]',7,3,2);
INSERT INTO django_admin_log VALUES(202,'2023-01-02 13:01:44.894813','1','ecomm-gw.herokuapp.com','[{"changed": {"fields": ["Domain name"]}}]',7,3,2);
INSERT INTO django_admin_log VALUES(203,'2023-01-03 13:34:27.828913','30','Bratwurst','[{"changed": {"fields": ["Name"]}}]',13,3,2);
INSERT INTO django_admin_log VALUES(204,'2023-01-03 13:35:43.665217','30','Bratwurst','[]',13,3,2);
INSERT INTO django_admin_log VALUES(205,'2023-01-10 16:06:27.762984','2','New','[{"added": {}}]',22,3,1);
INSERT INTO django_admin_log VALUES(206,'2023-01-11 12:11:08.451247','3','rr','[{"added": {}}]',22,3,1);
INSERT INTO django_admin_log VALUES(207,'2023-01-11 12:11:31.002518','4','eeee','[{"added": {}}]',22,3,1);
INSERT INTO django_admin_log VALUES(208,'2023-01-21 13:12:41.655725','2','Currywurst','[{"changed": {"fields": ["Name"]}}]',14,3,2);
INSERT INTO django_admin_log VALUES(209,'2023-01-21 13:12:52.906989','3','Burger','[{"added": {}}]',14,3,1);
INSERT INTO django_admin_log VALUES(210,'2023-02-01 13:20:56.999358','4','eeee','[{"changed": {"fields": ["Image"]}}]',22,3,2);
INSERT INTO django_admin_log VALUES(211,'2023-02-01 14:09:31.406523','2','Chicken','[{"changed": {"fields": ["Name"]}}]',14,3,2);
INSERT INTO django_admin_log VALUES(212,'2023-02-04 14:00:36.635288','4','eeee','',22,3,3);
INSERT INTO django_admin_log VALUES(213,'2023-02-04 14:00:36.638471','3','rr','',22,3,3);
INSERT INTO django_admin_log VALUES(214,'2023-02-04 14:00:36.640404','2','New','',22,3,3);
INSERT INTO django_admin_log VALUES(215,'2023-02-04 14:00:36.644970','1','an event','',22,3,3);
INSERT INTO django_admin_log VALUES(216,'2023-02-04 14:25:43.165734','5','Windmill','[{"added": {}}]',22,3,1);
INSERT INTO django_admin_log VALUES(217,'2023-02-04 14:26:52.741640','6','Glastonbury','[{"added": {}}]',22,3,1);
INSERT INTO django_admin_log VALUES(218,'2023-02-04 14:28:33.069403','7','Opera House','[{"added": {}}]',22,3,1);
INSERT INTO django_admin_log VALUES(219,'2023-02-04 14:29:33.494275','8','Leeds Market','[{"added": {}}]',22,3,1);
INSERT INTO django_admin_log VALUES(220,'2023-02-04 14:30:35.629149','9','Leeds','[{"added": {}}]',22,3,1);
INSERT INTO django_admin_log VALUES(221,'2023-02-04 14:31:10.921288','10','Tramlines','[{"added": {}}]',22,3,1);
INSERT INTO django_admin_log VALUES(222,'2023-02-07 15:07:38.877379','44','Chilli Brat','[{"changed": {"fields": ["Image"]}}]',13,3,2);
INSERT INTO django_admin_log VALUES(223,'2023-02-07 15:09:51.650796','44','Chilli Brat','[{"changed": {"fields": ["Image"]}}]',13,3,2);
INSERT INTO django_admin_log VALUES(224,'2023-02-07 15:10:38.302033','44','Chilli Brat','[{"changed": {"fields": ["Image"]}}]',13,3,2);
INSERT INTO django_admin_log VALUES(225,'2023-02-07 15:13:38.542825','58','rrr','[{"changed": {"fields": ["Image"]}}]',13,3,2);
INSERT INTO django_admin_log VALUES(226,'2023-02-07 15:14:19.000025','58','rrr','[{"changed": {"fields": ["Image"]}}]',13,3,2);
INSERT INTO django_admin_log VALUES(227,'2023-02-07 15:15:00.342438','58','rrr','',13,3,3);
INSERT INTO django_admin_log VALUES(228,'2023-02-07 15:16:13.740053','44','Chilli Brat','[{"changed": {"fields": ["Image"]}}]',13,3,2);
INSERT INTO django_admin_log VALUES(229,'2023-02-07 15:17:04.287247','44','Chilli Brat','',13,3,3);
INSERT INTO django_admin_log VALUES(230,'2023-02-13 10:37:24.586989','10','Tramlines','[{"changed": {"fields": ["Image"]}}]',22,3,2);
INSERT INTO django_admin_log VALUES(231,'2023-02-13 10:43:52.557882','50','Seriously Salsa','[{"changed": {"fields": ["Image"]}}]',13,3,2);
INSERT INTO django_admin_log VALUES(232,'2023-02-13 10:48:34.038200','8','Leeds Market','[{"changed": {"fields": ["Image"]}}]',22,3,2);
INSERT INTO django_admin_log VALUES(233,'2023-02-16 14:47:29.391833','56','Hot Wings','[{"changed": {"fields": ["Image"]}}]',13,3,2);
INSERT INTO django_admin_log VALUES(234,'2023-02-16 14:47:50.101418','55','Satay Wings','[{"changed": {"fields": ["Image"]}}]',13,3,2);
INSERT INTO django_admin_log VALUES(235,'2023-02-16 14:53:09.400861','54','Honey Wings','[{"changed": {"fields": ["Name", "Short description", "Description", "Image"]}}]',13,3,2);
INSERT INTO django_admin_log VALUES(236,'2023-02-16 14:55:57.587243','10','Tramlines','[{"changed": {"fields": ["Image"]}}]',22,3,2);
INSERT INTO django_admin_log VALUES(237,'2023-02-16 14:56:19.001584','9','Leeds Football','[{"changed": {"fields": ["Name", "Image"]}}]',22,3,2);
INSERT INTO django_admin_log VALUES(238,'2023-02-16 14:56:27.639120','8','Leeds Market','[{"changed": {"fields": ["Image"]}}]',22,3,2);
INSERT INTO django_admin_log VALUES(239,'2023-02-16 14:56:35.279697','7','Opera House','[{"changed": {"fields": ["Image"]}}]',22,3,2);
INSERT INTO django_admin_log VALUES(240,'2023-02-16 14:56:44.576462','6','Glastonbury','[{"changed": {"fields": ["Image"]}}]',22,3,2);
INSERT INTO django_admin_log VALUES(241,'2023-02-16 14:56:53.830858','5','Windmill','[{"changed": {"fields": ["Image"]}}]',22,3,2);
CREATE TABLE IF NOT EXISTS "django_content_type" ("id" integer NOT NULL PRIMARY KEY AUTOINCREMENT, "app_label" varchar(100) NOT NULL, "model" varchar(100) NOT NULL);
INSERT INTO django_content_type VALUES(1,'admin','logentry');
INSERT INTO django_content_type VALUES(2,'auth','permission');
INSERT INTO django_content_type VALUES(3,'auth','group');
INSERT INTO django_content_type VALUES(4,'auth','user');
INSERT INTO django_content_type VALUES(5,'contenttypes','contenttype');
INSERT INTO django_content_type VALUES(6,'sessions','session');
INSERT INTO django_content_type VALUES(7,'sites','site');
INSERT INTO django_content_type VALUES(8,'account','emailaddress');
INSERT INTO django_content_type VALUES(9,'account','emailconfirmation');
INSERT INTO django_content_type VALUES(10,'socialaccount','socialaccount');
INSERT INTO django_content_type VALUES(11,'socialaccount','socialapp');
INSERT INTO django_content_type VALUES(12,'socialaccount','socialtoken');
INSERT INTO django_content_type VALUES(13,'products','product');
INSERT INTO django_content_type VALUES(14,'products','category');
INSERT INTO django_content_type VALUES(15,'faq','question');
INSERT INTO django_content_type VALUES(16,'faq','answer');
INSERT INTO django_content_type VALUES(17,'checkout','order');
INSERT INTO django_content_type VALUES(18,'checkout','orderlineitem');
INSERT INTO django_content_type VALUES(19,'profiles','userprofile');
INSERT INTO django_content_type VALUES(20,'django_summernote','attachment');
INSERT INTO django_content_type VALUES(21,'products','fake');
INSERT INTO django_content_type VALUES(22,'events','event');
CREATE TABLE IF NOT EXISTS "auth_permission" ("id" integer NOT NULL PRIMARY KEY AUTOINCREMENT, "content_type_id" integer NOT NULL REFERENCES "django_content_type" ("id") DEFERRABLE INITIALLY DEFERRED, "codename" varchar(100) NOT NULL, "name" varchar(255) NOT NULL);
INSERT INTO auth_permission VALUES(1,1,'add_logentry','Can add log entry');
INSERT INTO auth_permission VALUES(2,1,'change_logentry','Can change log entry');
INSERT INTO auth_permission VALUES(3,1,'delete_logentry','Can delete log entry');
INSERT INTO auth_permission VALUES(4,1,'view_logentry','Can view log entry');
INSERT INTO auth_permission VALUES(5,2,'add_permission','Can add permission');
INSERT INTO auth_permission VALUES(6,2,'change_permission','Can change permission');
INSERT INTO auth_permission VALUES(7,2,'delete_permission','Can delete permission');
INSERT INTO auth_permission VALUES(8,2,'view_permission','Can view permission');
INSERT INTO auth_permission VALUES(9,3,'add_group','Can add group');
INSERT INTO auth_permission VALUES(10,3,'change_group','Can change group');
INSERT INTO auth_permission VALUES(11,3,'delete_group','Can delete group');
INSERT INTO auth_permission VALUES(12,3,'view_group','Can view group');
INSERT INTO auth_permission VALUES(13,4,'add_user','Can add user');
INSERT INTO auth_permission VALUES(14,4,'change_user','Can change user');
INSERT INTO auth_permission VALUES(15,4,'delete_user','Can delete user');
INSERT INTO auth_permission VALUES(16,4,'view_user','Can view user');
INSERT INTO auth_permission VALUES(17,5,'add_contenttype','Can add content type');
INSERT INTO auth_permission VALUES(18,5,'change_contenttype','Can change content type');
INSERT INTO auth_permission VALUES(19,5,'delete_contenttype','Can delete content type');
INSERT INTO auth_permission VALUES(20,5,'view_contenttype','Can view content type');
INSERT INTO auth_permission VALUES(21,6,'add_session','Can add session');
INSERT INTO auth_permission VALUES(22,6,'change_session','Can change session');
INSERT INTO auth_permission VALUES(23,6,'delete_session','Can delete session');
INSERT INTO auth_permission VALUES(24,6,'view_session','Can view session');
INSERT INTO auth_permission VALUES(25,7,'add_site','Can add site');
INSERT INTO auth_permission VALUES(26,7,'change_site','Can change site');
INSERT INTO auth_permission VALUES(27,7,'delete_site','Can delete site');
INSERT INTO auth_permission VALUES(28,7,'view_site','Can view site');
INSERT INTO auth_permission VALUES(29,8,'add_emailaddress','Can add email address');
INSERT INTO auth_permission VALUES(30,8,'change_emailaddress','Can change email address');
INSERT INTO auth_permission VALUES(31,8,'delete_emailaddress','Can delete email address');
INSERT INTO auth_permission VALUES(32,8,'view_emailaddress','Can view email address');
INSERT INTO auth_permission VALUES(33,9,'add_emailconfirmation','Can add email confirmation');
INSERT INTO auth_permission VALUES(34,9,'change_emailconfirmation','Can change email confirmation');
INSERT INTO auth_permission VALUES(35,9,'delete_emailconfirmation','Can delete email confirmation');
INSERT INTO auth_permission VALUES(36,9,'view_emailconfirmation','Can view email confirmation');
INSERT INTO auth_permission VALUES(37,10,'add_socialaccount','Can add social account');
INSERT INTO auth_permission VALUES(38,10,'change_socialaccount','Can change social account');
INSERT INTO auth_permission VALUES(39,10,'delete_socialaccount','Can delete social account');
INSERT INTO auth_permission VALUES(40,10,'view_socialaccount','Can view social account');
INSERT INTO auth_permission VALUES(41,11,'add_socialapp','Can add social application');
INSERT INTO auth_permission VALUES(42,11,'change_socialapp','Can change social application');
INSERT INTO auth_permission VALUES(43,11,'delete_socialapp','Can delete social application');
INSERT INTO auth_permission VALUES(44,11,'view_socialapp','Can view social application');
INSERT INTO auth_permission VALUES(45,12,'add_socialtoken','Can add social application token');
INSERT INTO auth_permission VALUES(46,12,'change_socialtoken','Can change social application token');
INSERT INTO auth_permission VALUES(47,12,'delete_socialtoken','Can delete social application token');
INSERT INTO auth_permission VALUES(48,12,'view_socialtoken','Can view social application token');
INSERT INTO auth_permission VALUES(49,13,'add_product','Can add product');
INSERT INTO auth_permission VALUES(50,13,'change_product','Can change product');
INSERT INTO auth_permission VALUES(51,13,'delete_product','Can delete product');
INSERT INTO auth_permission VALUES(52,13,'view_product','Can view product');
INSERT INTO auth_permission VALUES(53,14,'add_category','Can add category');
INSERT INTO auth_permission VALUES(54,14,'change_category','Can change category');
INSERT INTO auth_permission VALUES(55,14,'delete_category','Can delete category');
INSERT INTO auth_permission VALUES(56,14,'view_category','Can view category');
INSERT INTO auth_permission VALUES(57,15,'add_question','Can add question');
INSERT INTO auth_permission VALUES(58,15,'change_question','Can change question');
INSERT INTO auth_permission VALUES(59,15,'delete_question','Can delete question');
INSERT INTO auth_permission VALUES(60,15,'view_question','Can view question');
INSERT INTO auth_permission VALUES(61,16,'add_answer','Can add answer');
INSERT INTO auth_permission VALUES(62,16,'change_answer','Can change answer');
INSERT INTO auth_permission VALUES(63,16,'delete_answer','Can delete answer');
INSERT INTO auth_permission VALUES(64,16,'view_answer','Can view answer');
INSERT INTO auth_permission VALUES(65,17,'add_order','Can add order');
INSERT INTO auth_permission VALUES(66,17,'change_order','Can change order');
INSERT INTO auth_permission VALUES(67,17,'delete_order','Can delete order');
INSERT INTO auth_permission VALUES(68,17,'view_order','Can view order');
INSERT INTO auth_permission VALUES(69,18,'add_orderlineitem','Can add order line item');
INSERT INTO auth_permission VALUES(70,18,'change_orderlineitem','Can change order line item');
INSERT INTO auth_permission VALUES(71,18,'delete_orderlineitem','Can delete order line item');
INSERT INTO auth_permission VALUES(72,18,'view_orderlineitem','Can view order line item');
INSERT INTO auth_permission VALUES(73,19,'add_userprofile','Can add user profile');
INSERT INTO auth_permission VALUES(74,19,'change_userprofile','Can change user profile');
INSERT INTO auth_permission VALUES(75,19,'delete_userprofile','Can delete user profile');
INSERT INTO auth_permission VALUES(76,19,'view_userprofile','Can view user profile');
INSERT INTO auth_permission VALUES(77,20,'add_attachment','Can add attachment');
INSERT INTO auth_permission VALUES(78,20,'change_attachment','Can change attachment');
INSERT INTO auth_permission VALUES(79,20,'delete_attachment','Can delete attachment');
INSERT INTO auth_permission VALUES(80,20,'view_attachment','Can view attachment');
INSERT INTO auth_permission VALUES(81,21,'add_fake','Can add fake');
INSERT INTO auth_permission VALUES(82,21,'change_fake','Can change fake');
INSERT INTO auth_permission VALUES(83,21,'delete_fake','Can delete fake');
INSERT INTO auth_permission VALUES(84,21,'view_fake','Can view fake');
INSERT INTO auth_permission VALUES(85,22,'add_event','Can add event');
INSERT INTO auth_permission VALUES(86,22,'change_event','Can change event');
INSERT INTO auth_permission VALUES(87,22,'delete_event','Can delete event');
INSERT INTO auth_permission VALUES(88,22,'view_event','Can view event');
CREATE TABLE IF NOT EXISTS "auth_group" ("id" integer NOT NULL PRIMARY KEY AUTOINCREMENT, "name" varchar(150) NOT NULL UNIQUE);
CREATE TABLE IF NOT EXISTS "auth_user" ("id" integer NOT NULL PRIMARY KEY AUTOINCREMENT, "password" varchar(128) NOT NULL, "last_login" datetime NULL, "is_superuser" bool NOT NULL, "username" varchar(150) NOT NULL UNIQUE, "last_name" varchar(150) NOT NULL, "email" varchar(254) NOT NULL, "is_staff" bool NOT NULL, "is_active" bool NOT NULL, "date_joined" datetime NOT NULL, "first_name" varchar(150) NOT NULL);
INSERT INTO auth_user VALUES(1,'pbkdf2_sha256$260000$rnh6eaOlsffLDjg110MIcS$h4OfTpsRn5GPDTNIuJqYoAX2E57k5n1abTm77EHU76Y=','2022-10-05 10:38:22.172974',1,'admin','','a@a.com',1,1,'2022-09-02 07:04:04.068739','');
INSERT INTO auth_user VALUES(2,'pbkdf2_sha256$180000$yCZQQRdvmQGF$IP5afQnpU4cxiTK/ANVaZJesAcyqJWPUy+xImNXEEsQ=',NULL,0,'ssss','','s@s.com',0,1,'2022-09-02 14:45:45.150414','');
INSERT INTO auth_user VALUES(3,'pbkdf2_sha256$260000$V73uaDN1wO8kPnRNQvHAEP$XbSdMzFHQzVWbB9MU5xSlDFpoaBsyVoZoDok0MhPyRM=','2023-02-16 14:39:14.194412',1,'gitpod','','g@g.com',1,1,'2022-10-05 10:39:25.823946','');
INSERT INTO auth_user VALUES(4,'pbkdf2_sha256$260000$Y4mIJZjZ5gsr3LxVi7Pojb$C2yvyMMKHDCE9MiijWwWiWWBXDkBlNFUItKbzyxAb4Q=','2022-12-11 17:27:26.308748',0,'bmbmbm','','bm@bm.com',0,1,'2022-12-11 17:18:23.425870','');
INSERT INTO auth_user VALUES(5,'pbkdf2_sha256$260000$5IxhwPLztXxqXMVqiWTkME$A/VeXiN64XaoVd5IU/oQoY1zGMW3MRiHw3hcTODz8S4=',NULL,0,'newuser','','mjjstockman@gmail.com',0,1,'2023-01-02 12:23:26.481714','');
INSERT INTO auth_user VALUES(6,'pbkdf2_sha256$260000$o8FQHSaB7pGfkDK0vQkukZ$+fxvoOWui35Nf17iOYQW3TUXMMdeiAn52f4Vsr1AMfg=',NULL,0,'nmnmnmnmnm','','bbb@w.com',0,1,'2023-01-22 11:21:54.338719','');
INSERT INTO auth_user VALUES(7,'pbkdf2_sha256$260000$uIwOFFfhwyr61QYToNjNpe$FN9OvweVbIONcYVDtSOBTkm4sn0TQpCRroEJndLsTUg=','2023-02-04 13:14:33.061631',0,'ferer','','b@d.com',0,1,'2023-02-04 13:14:11.244142','');
INSERT INTO auth_user VALUES(8,'pbkdf2_sha256$260000$Lr7kjKOXrPm1AhucKgTtTt$v+t+926+UQ4l6eFES83mvy7WOXfZtLPaCFo9g8wZQVM=',NULL,0,'opopop','','r@r.com',0,1,'2023-02-04 13:15:28.261059','');
INSERT INTO auth_user VALUES(9,'pbkdf2_sha256$260000$J6sliWmxDBRQnA4sCRh4Os$wmdzQOIRgUZj7oNvHRSB2QKjEH/pM5sVLEoihEH2nS4=',NULL,0,'oooo','','o@o.com',0,1,'2023-02-04 13:48:06.788353','');
INSERT INTO auth_user VALUES(10,'pbkdf2_sha256$260000$TZ3wG5Q5UGaLqoqGI2SmGX$KP1oyo7uqDmGep0P6ltSQRTXYj3lufFj6dPX8m+0PVU=',NULL,0,'again','','n@n.com',0,1,'2024-11-22 14:36:24.187315','');
CREATE TABLE IF NOT EXISTS "django_session" ("session_key" varchar(40) NOT NULL PRIMARY KEY, "session_data" text NOT NULL, "expire_date" datetime NOT NULL);
INSERT INTO django_session VALUES('7g2pzy098lrljayhciig83ogyoasw02i','ODA2MzA4OTcxNTg3ZDg1MWNkM2Y3NzAyODAzM2Y2NmQ0ODhiMWM3ZTp7ImFjY291bnRfdmVyaWZpZWRfZW1haWwiOm51bGwsImFjY291bnRfdXNlciI6IjIiLCJfYXV0aF91c2VyX2lkIjoiMSIsIl9hdXRoX3VzZXJfYmFja2VuZCI6ImRqYW5nby5jb250cmliLmF1dGguYmFja2VuZHMuTW9kZWxCYWNrZW5kIiwiX2F1dGhfdXNlcl9oYXNoIjoiYzJjZjZmZmQ2NjRkODA5MmNiODQzN2E4NWU5ZDU0MWQyNDljYzQwYiJ9','2022-09-16 14:46:00.675218');
INSERT INTO django_session VALUES('ocmcxup20d7y76e6uq7df0c4z1dp1n52','e30:1og1mX:P1zyzEIgP9I9JwriEiExsiykO_GDRot-cvyuqOFV67w','2022-10-19 10:37:41.995504');
INSERT INTO django_session VALUES('2odeloxg8tp28vklndh7f0knamg02us1','e30:1og1nC:B9r1eYV5fJBgpB8riQU0r-52iimbXjCTXrNPzyR1aLo','2022-10-19 10:38:22.170069');
INSERT INTO django_session VALUES('mus36774v0hc32n4gr0smmqcvj9jt01u','.eJwVirEKgDAMBf_lzYK7X-Di6CQiMRQValKbFATx363b3XEPTPmgSMxaxBdz8oBueiDhdnRo0SBl5WBWLep2SC3GmuqGilR8XxJlOv8BbwMp49BLHoe4XpjfD6oTIU4:1og358:Y32nwFJ0rRhPmui3_lyFJBrortJAC4_P_CeC112aX5U','2022-10-19 12:00:58.433010');
INSERT INTO django_session VALUES('0fmw8ijy686msq3mffl0xj86lnawvgbj','.eJxVzEHPgjAMgOH_0jMhG-AUjybf0XjQeDGGdF0RPnElbJyM_91hvHhr-j7tE4JQjwMSyexjEyJGhu3lCeMkxCHAFga59R4yCCRjapBGnGPXjDjhYwHwyqA7Hg7xXEX5O0W4ZtB8yBx4anqXTAk_O4t0Z78E94_-JjmJj1Nv84Xk3xryvTgedl_786DD0KXrVmNplOVS2U2LxrKj9ao2lhRWtV2jdq5Qpqi1YcXUOsXJrLCoHKFWpOH1Bv_mVlo:1og44C:W9ndZ17DyGKqGrjMdnw8glEYaEE90dwGmfGwSJ4p8-U','2022-10-19 13:04:04.966646');
INSERT INTO django_session VALUES('wniczh26rr1o1k8i357ashwtev4awulq','eyJzb2NpYWxhY2NvdW50X3N0YXRlIjpbeyJuZXh0IjoiLyIsInByb2Nlc3MiOiJsb2dpbiIsInNjb3BlIjoiIiwiYXV0aF9wYXJhbXMiOiIifSwiSWk3VldSZE5LYm5xIl19:1og57G:Ie1HG8BjtLyF1ug6yHP-Eh-OEcy0SezS8sTL2ydjRUU','2022-10-19 14:11:18.860505');
INSERT INTO django_session VALUES('bf578a0btan3yri2ioif5oal8pyu5iti','.eJxVjMsOgjAUBf-la9PcUiji0r3f0NxXLWpoQmFl_HchYaHbMzPnbSKuS45r1TmOYi7Gm9PvRshPnXYgD5zuxXKZlnkkuyv2oNXeiujrerh_Bxlr3urk0Acg9UDnhIFUuO-GQAzYDtSjE2kgNIMLCspJQDenw6YVRgfszOcLCsQ4_A:1ogXhO:-E5lsEbXbHQLuZkPocDN9EcaKbscU99Rs0ItUyUUxBY','2022-10-20 20:42:30.028850');
INSERT INTO django_session VALUES('5rk7j4t719nzrxv4cq7vllr1fvhwu2nj','.eJxVjDFPwzAQhf_LzVGwk9YlGSsGBhhgRcg6ny-NIbEj20FFVf87DurS7d5733cXSIEcTkgUVp91ypgZ-o8LeD5n6OEBKlhiIE6ppCmcnC9NorAUDMqJax71ghHnDYBrBU_y5W3-md7ndnyGzwp0KrILXvN5cfEXetmITglRln95TRy1s8Vu4a4zSN_st8F-oT-FmoLP0Zl6Q-rbmurXYHk63ti7ByOmsdiDxFYJw60wjwMqw5YO-04ZErjrzAGltY1QTScVC6bBCi7MHpudJZSCJFz_AE7bYWE:1oia6E:CReTFq6I1c82ifs3VgkwwDMMfQb8khL81ziWu2r98Ww','2022-10-26 11:40:34.420302');
INSERT INTO django_session VALUES('74d2ggwr7ym5pen0a0edf7dbcsspscyi','.eJxVz81uwyAMB_B38TnKIGlpybG7bIc9wTRFxjgJXQYRkKpT1XcfmXrpzR8__yXfIAVyOCNRWH3uU8bM0H3ewPM1QwcvUMESA3FKpZvD6HyZJApLYVBKXPPULxjxZwNwr-CiL-3rMbzP49sZviro_8maOPbOFtPC08wgfbPfFvaMfgw1BZ-jM_VG6sc21R_B8nx62KeACdNUrgeJrRKGW2GOAyrDlg57rQwJ3GlzQGltI1SjpWLBNFjBxeyx2VlCKUhuoam86YLv-bq4-AudbIRWQtz_AHSpYW4:1oidfZ:Fczirfh1nYyGdmPhdN45xuZeG4sQhB8o62SgsUF-a_M','2022-10-26 15:29:17.948760');
INSERT INTO django_session VALUES('bi3ot4o3b3ik6368objkd4pr8t5qi583','.eJxVjEEOwiAQRe_C2pCBtlS6dO8ZyMBMLWrAQJtojHe3TbrQ7X_vv7dwuMyTWyoXF0kMohGH381juHHaAF0xXbIMOc0lerkpcqdVnjPx_bS7f4EJ67S-R4WNAc8N-OOIxjOFvrPGB8DW-h4VkQajrTIMHEYCXp0OdUsBFQS1RSvXGnNy_HzE8hKD0mANwOcLTKxBaw:1oidlz:_WhbQSm6D8HYpH3eq8lO20Sk7HLfZ4Meldblyg4J_6M','2022-10-26 15:35:55.814662');
INSERT INTO django_session VALUES('kkql746c99t9nqi4ztzitv3ccu1ix8t8','.eJxVjEsOwjAMBe-SNYqcflLaJXvOENmxSwMoQUkrgRB3p5W6gO2befNWDpd5ckuR7AKrQdXq8LsR-pvEDfAV4yVpn-KcA-lN0Tst-pxY7qfd_QtMWKb1PRqsLZDUQMcRLQn7ru0tecCmpw4NcwW26o0VED8yyOq0WDXs0YA3W7RIKSFFJ89HyC81wOcLyLtAOQ:1oidwp:yUlD1WM4bwphbuclHIZ6Dg4WJ3wf0ukOkhTwkxo4rHc','2022-10-26 15:47:07.836949');
INSERT INTO django_session VALUES('wsen5awrfsdyjmfyna1amq0ycvb3h41o','.eJxVjEsOwjAMBe-SNYqcflLaJXvOENmxSwMoQUkrgRB3p5W6gO2befNWDpd5ckuR7AKrQdXq8LsR-pvEDfAV4yVpn-KcA-lN0Tst-pxY7qfd_QtMWKb1PRqsLZDUQMcRLQn7ru0tecCmpw4NcwW26o0VED8yyOq0WDXs0YA3W7RIKSFFJ89HyC81wOcLyLtAOQ:1oie0H:T-5T9dtmiWJACWI4Logzv64c8YPc0PCqjgzjTdzl2i4','2022-10-26 15:50:41.755047');
INSERT INTO django_session VALUES('tfpq03n7d1pefaucsp5jvo8lmenrmr8t','.eJxVjEsOwjAMBe-SNYqcflLaJXvOENmxSwMoQUkrgRB3p5W6gO2befNWDpd5ckuR7AKrQdXq8LsR-pvEDfAV4yVpn-KcA-lN0Tst-pxY7qfd_QtMWKb1PRqsLZDUQMcRLQn7ru0tecCmpw4NcwW26o0VED8yyOq0WDXs0YA3W7RIKSFFJ89HyC81wOcLyLtAOQ:1oie1S:3CyLkZVeKLZeRNwuMIu-EEnLa1gYBakGrEX4X3Wqilk','2022-10-26 15:51:54.673646');
INSERT INTO django_session VALUES('20oxufeemefc3k86glc7tm3dcrq7skgn','.eJxVjEsOwjAMBe-SNYqcflLaJXvOENmxSwMoQUkrgRB3p5W6gO2befNWDpd5ckuR7AKrQdXq8LsR-pvEDfAV4yVpn-KcA-lN0Tst-pxY7qfd_QtMWKb1PRqsLZDUQMcRLQn7ru0tecCmpw4NcwW26o0VED8yyOq0WDXs0YA3W7RIKSFFJ89HyC81wOcLyLtAOQ:1oie59:aQSvtRztwinuWBOQ6psyMA-SUQnJ0_8YAPGONRnGaxE','2022-10-26 15:55:43.120013');
INSERT INTO django_session VALUES('y2zj0faxazqpk5hj3vimpkb2btazhx9f','e30:1ojKmN:0Mp4pQZYrR8xGM1j2wPv7jgmjrihU1eJVOCExMZVtXo','2022-10-28 13:31:11.023448');
INSERT INTO django_session VALUES('spjg50lch6kzbqln791cz7i62nynplz9','.eJxVjstugzAQRX_FmjWybB5OYdl9V12GyBqPh0BKIcK21CjKv9dILNrtuefemSdYTHG0KfBmJw8dVFD8ZQ7pi5c98DdcrqukdYnb5OSuyCMN8mP1PL8f7r-BEcOY24PGyijHlXJvAxrHnk5NaxwprFt3Qu19qUzZasOKafCKs9NgWXtCrUjvo4FDmNbF8s992h7QqQIItwjdEwx0-pWV76zglUO-eD73YO0t5MJBeyiEKkTZFKKHz0SU8ZDm-SHy8xzZi1rct9UnikH2cLnA6xfyb1_A:1ojTH3:k5V6Twg8zKXBmGfS6L5rl8rXrq_xlNy293g_uiX9Ims','2022-10-28 22:35:25.442194');
INSERT INTO django_session VALUES('layro24jx36k4n28ah9g2l18yf3mq8ty','.eJxVjsFugzAQRH_F2jOybAhQOPbeU48hstbrJZBSHNlGahTl32skDu31zZvZfYLBLU1mixzM7KCHCoq_zCJ98boH7obr1UvyawqzlbsijzTKD-94eT_cfwMTxim3R41VoyxXyr6N2Fh21NZdY0nhqbMtaudK1ZSdblgxjU5xdmosT45QK9L7aOQYZ78a_rnP4QG9KoAwJOif0EJfta_sfGcHrxzzyfN5AGNuMTcOOkAhVCHKuhADfG5EGY_bsjxE_p4TO6HFPXi3UZIDXC7w-gXn3V-E:1ojgRJ:R2UFF5xAbO0rYel8CqKBGZf6h3s05PA2fbKikekFJzc','2022-10-29 12:38:53.436754');
INSERT INTO django_session VALUES('vbilcc9pkgi5hqav79ip6pzr1fth9vb9','.eJxVjMsOgjAUBf-la9PcUiji0r3f0NxXLWpoQmFl_HchYaHbMzPnbSKuS45r1TmOYi7Gm9PvRshPnXYgD5zuxXKZlnkkuyv2oNXeiujrerh_Bxlr3urk0Acg9UDnhIFUuO-GQAzYDtSjE2kgNIMLCspJQDenw6YVRgfszOcLCsQ4_A:1ojgRs:_nm3QWjQlsygpbR3ZAAoCA0xrTVD-tKKABoxwADCWW0','2022-10-29 12:39:28.190513');
INSERT INTO django_session VALUES('i876zfuxk5fgzs8meiollqcxqld1z582','.eJxVjMsOgjAUBf-la9PcUiji0r3f0NxXLWpoQmFl_HchYaHbMzPnbSKuS45r1TmOYi7Gm9PvRshPnXYgD5zuxXKZlnkkuyv2oNXeiujrerh_Bxlr3urk0Acg9UDnhIFUuO-GQAzYDtSjE2kgNIMLCspJQDenw6YVRgfszOcLCsQ4_A:1ojgrb:JDh8OQd4esV4rXL8mYz5JV_hKfnD6MJASsbGMnMIauY','2022-10-29 13:06:03.164949');
INSERT INTO django_session VALUES('3pikm0a31kxqv2cwrqenz31naovv7umf','.eJxVjEsOwjAMBe-SNYqcflLaJXvOENmxSwMoQUkrgRB3p5W6gO2befNWDpd5ckuR7AKrQdXq8LsR-pvEDfAV4yVpn-KcA-lN0Tst-pxY7qfd_QtMWKb1PRqsLZDUQMcRLQn7ru0tecCmpw4NcwW26o0VED8yyOq0WDXs0YA3W7RIKSFFJ89HyC81wOcLyLtAOQ:1ojmnF:UfyWgj2uNHybDRdY_PobGh1-FrPRxkGvoB4JwV9t3m0','2022-10-29 19:25:57.225545');
INSERT INTO django_session VALUES('4lv8cthkknytcz0iq0jl05r379vahr44','.eJxVjMsOgjAUBf-la9PcUiji0r3f0NxXLWpoQmFl_HchYaHbMzPnbSKuS45r1TmOYi7Gm9PvRshPnXYgD5zuxXKZlnkkuyv2oNXeiujrerh_Bxlr3urk0Acg9UDnhIFUuO-GQAzYDtSjE2kgNIMLCspJQDenw6YVRgfszOcLCsQ4_A:1ojnfX:dTO5L9KlehSrzI6R198nrH0sJgF8asmye0nwkyk7gU8','2022-10-29 20:22:03.223994');
INSERT INTO django_session VALUES('cwyo83rf4dx1jgvf1bms7lpvru4mx7t0','.eJxVjEEOgjAQRe8ya9NMCxTp0r1nINN2kKppTQuJhnB3IWGh2__efwv0NE9jPxfOffBgoILT72bJPTjuwN8p3pJwKU45WLEr4qBFXJPn5-Vw_wIjlXF7D5IqjZYrtOeBtGXv2qbT1iHVnW1Jeq9Qq05qRnaDR96chlTtHUl0co8WLiWk2PP7FfIHDJ7AUZ7ALCDBqHX9AqrQRGY:1ok2Hf:RbTSiVRZXIpJvvqYJevgM9T6rKmlQepNpDpk0aHTq_4','2022-10-30 11:58:23.941224');
INSERT INTO django_session VALUES('wj5in16j28g6rl31puur6ajm07iv8roc','.eJxVjs1ugzAQhF-F7tlCNgSncOw9Uu4hstbeJZC2OLKNlCrKu8dIHNLrzDc_DzC4pNEskYOZCDqoQbxrFt03z6tBV5wvvnR-TmGy5YqUmxvLgyf--drYfwUjxjGnB4W1lpZraT8H1JbJ7ZtWWydx19o9KqJK6qpVmiW7gSRnpsFqRw6VdGotjRzj5GfD99sU_qCTAhyGBN0DGujUMyO_GcELx7x4OvVgzDXmwKb2IAopiqoRRQ_H4Glxqci_OTF99HA-w_MFGENZpg:1okUNU:wk4I6dP35HqPOaGCtFnZ-RJzRqNN_4CCp_eI-uhKSKw','2022-10-31 17:58:16.377805');
INSERT INTO django_session VALUES('77xsrsz9avdrte9l87a5ec722yqnu18v','.eJxVjs1ugzAQhF-F7tlCtglO4dh7pN5DZK29SyBtcWQbqVWUd6-ROLTXmW9-HmBxzZNdE0c7E_TQgPirOfQfvGwG3XC5htqHJcfZ1RtS726qT4H4821n_xVMmKaSHhU2RjpupHsd0Tgmf2w747zEQ-eOqIi0NLpThiX7kSQXpkV9II9KerWVJk5pDovl7_scf6CXAjzGDP0DlIa-eRbmqzB45VQmz-cBrL2lktjVAUQlRaVbUQ3wHgOtPlflOGemlwEuF3j-AmibWdY:1okoFp:wobYuA6x4CBHCzeqyWeZaks1PfJ30cMncbIf-ahQixo','2022-11-01 15:11:41.785373');
INSERT INTO django_session VALUES('ot5bu1gdq1bxkaepk300qhctvnv2f54t','.eJwVyrEKg0AQRdF_ebUg2ASsU1oJVkFkMi6rYHYWZxZE8d8zdpfDvaDCK23ELCXZpEYW0H4upHAYWtR5l7mwaY0K3hxUnTeJa3JRluw_PKnYMmXa6fcMuCuk5h2717ePw9ljvP8SaCRt:1okl36:QRDIGOyFGi4lBqM_4Gp_4yumwWr3YDhvpohbR01N_zM','2022-11-01 11:46:20.815024');
INSERT INTO django_session VALUES('ib9m3azfa32jd8a6crpu6s2nlygyexv9','.eJxVjMsOgjAUBf-la9PcUiji0r3f0NxXLWpoQmFl_HchYaHbMzPnbSKuS45r1TmOYi7Gm9PvRshPnXYgD5zuxXKZlnkkuyv2oNXeiujrerh_Bxlr3urk0Acg9UDnhIFUuO-GQAzYDtSjE2kgNIMLCspJQDenw6YVRgfszOcLCsQ4_A:1okpDC:mVpeQj7vEO7ILVAwQ0uIyZ_GLzz2GPV9nOX032nulI4','2022-11-01 16:13:02.271613');
INSERT INTO django_session VALUES('zqk309j9eddj46gfwcqhgsha2r674jqv','.eJxVjMsOgjAUBf-la9PcUiji0r3f0NxXLWpoQmFl_HchYaHbMzPnbSKuS45r1TmOYi7Gm9PvRshPnXYgD5zuxXKZlnkkuyv2oNXeiujrerh_Bxlr3urk0Acg9UDnhIFUuO-GQAzYDtSjE2kgNIMLCspJQDenw6YVRgfszOcLCsQ4_A:1olrwC:h_MnTZ8hAFc3zgQyHqeV0XdSPignjtBaS--pxgoKzG0','2022-11-04 13:19:48.434824');
INSERT INTO django_session VALUES('mdfu4cdt6flagzj44rc899ci152pac4e','.eJxVjMsOgjAUBf-la9PcUiji0r3f0NxXLWpoQmFl_HchYaHbMzPnbSKuS45r1TmOYi7Gm9PvRshPnXYgD5zuxXKZlnkkuyv2oNXeiujrerh_Bxlr3urk0Acg9UDnhIFUuO-GQAzYDtSjE2kgNIMLCspJQDenw6YVRgfszOcLCsQ4_A:1onze2:IVHflGiV7D7hT1ZDg2NwNN4La9-wMGUxE0K728w104Y','2022-11-10 09:57:50.579159');
INSERT INTO django_session VALUES('vic3qbcpdvto9h0zom55f7foblpbk5ey','.eJxVjEsOwjAMBe-SNYqcflLaJXvOENmxSwMoQUkrgRB3p5W6gO2befNWDpd5ckuR7AKrQdXq8LsR-pvEDfAV4yVpn-KcA-lN0Tst-pxY7qfd_QtMWKb1PRqsLZDUQMcRLQn7ru0tecCmpw4NcwW26o0VED8yyOq0WDXs0YA3W7RIKSFFJ89HyC81wOcLyLtAOQ:1opU2H:ArGHkqCS6NTeU6kiDHYwF8xqV_FQ0KmjVWYOPyLZfXk','2022-11-14 12:37:01.813962');
INSERT INTO django_session VALUES('1m3yjc8svbxrhxvnve3qhoso2gvor6pr','e30:1oqZeD:-i0leZfBzluovj75DT3woi3zhBpD31T1_BjoifaVqnw','2022-11-17 12:48:41.032956');
INSERT INTO django_session VALUES('8guq6bv8x9ibnh8lmwpwthq3agy8wv6a','.eJxVjEsOwjAMBe-SNYqcflLaJXvOENmxSwMoQUkrgRB3p5W6gO2befNWDpd5ckuR7AKrQdXq8LsR-pvEDfAV4yVpn-KcA-lN0Tst-pxY7qfd_QtMWKb1PRqsLZDUQMcRLQn7ru0tecCmpw4NcwW26o0VED8yyOq0WDXs0YA3W7RIKSFFJ89HyC81wOcLyLtAOQ:1osOXj:rkHFEmhMxWmgmCu_1lxd5ToRVvkLCPWOiZmYjNzarWg','2022-11-22 13:21:31.972727');
INSERT INTO django_session VALUES('zq49bkals9r1yo7azvojp6z1gjxai9a7','e30:1ouZK1:gv0VqTWBu54iM7cUpuo-MHXjznAPhuU2UzB9QiLi4s8','2022-11-28 13:16:21.087558');
INSERT INTO django_session VALUES('f0h2qmojclhw9zojfkglt0ehs3yx2c65','.eJxVjEsOwjAMBe-SNYqcflLaJXvOENmxSwMoQUkrgRB3p5W6gO2befNWDpd5ckuR7AKrQdXq8LsR-pvEDfAV4yVpn-KcA-lN0Tst-pxY7qfd_QtMWKb1PRqsLZDUQMcRLQn7ru0tecCmpw4NcwW26o0VED8yyOq0WDXs0YA3W7RIKSFFJ89HyC81wOcLyLtAOQ:1oyEYq:2ZQ6nk8V9NDtx6epitZU8mkSHP2L2vTKQKxMiztTlaE','2022-12-08 15:54:48.721672');
INSERT INTO django_session VALUES('2cruip6i1v80e0r87xfrh8cwl7ly1wdg','.eJxVjMsOgjAQRf-la9NMeRRh6d5vaKYzg1RNMS0kGsK_CwkbtvecexZFmCbVLetFOZynwc1ZkgusOlWq0-aRXhJ3wE-Mj1HTGKcUvN4VfdCs7yPL-3a4p8CAedjevcHSgpcS_LVH64WpqVvrCbBqfYOGuQBbtMYKCPUMsjk1FhUTGiCzR7PkHMbo5PsJ6ac6WP9R_kOF:1p3dBT:bMVmlFCOkX7eWaFMxQBDQXCRXpadBKWEG4JhLvmRLcE','2022-12-23 13:12:59.637058');
INSERT INTO django_session VALUES('inro4uw4afb6o4m8ymdddmlcw5kpzqia','.eJxVjEsOwjAMBe-SNYqcflLaJXvOENmxSwMoQUkrgRB3p5W6gO2befNWDpd5ckuR7AKrQdXq8LsR-pvEDfAV4yVpn-KcA-lN0Tst-pxY7qfd_QtMWKb1PRqsLZDUQMcRLQn7ru0tecCmpw4NcwW26o0VED8yyOq0WDXs0YA3W7RIKSFFJ89HyC81wOcLyLtAOQ:1p4jso:Zobc11YOwEZIDtrcBXIfQcGrHgTiigR5w7FBgWBb0dc','2022-12-26 14:34:18.512147');
INSERT INTO django_session VALUES('ku1btxjxdx7yt2802uh9uq1hg32tukwq','.eJxVjEsOwjAMBe-SNYqcflLaJXvOENmxSwMoQUkrgRB3p5W6gO2befNWDpd5ckuR7AKrQdXq8LsR-pvEDfAV4yVpn-KcA-lN0Tst-pxY7qfd_QtMWKb1PRqsLZDUQMcRLQn7ru0tecCmpw4NcwW26o0VED8yyOq0WDXs0YA3W7RIKSFFJ89HyC81wOcLyLtAOQ:1p7gbD:dUICj0xCEqgiI5GJaLCg3n7X9Easx-shBH4lqjpdxa8','2023-01-03 17:40:19.932900');
INSERT INTO django_session VALUES('x4ez0bryzrt5sh0h07vuz2pnnpu5duyb','.eJxVjcsOwiAQRf-FtWmGPqh0pz9ChmEaiA01BRKN8d-lpgtd3te5L2GwZG9K4s0EJybRidOvZ5FuHPcAl2W3GyRaS8zNt3PEqblUxTEHwhzWeD1WfyiPyVfOLLFTYLkDe55RWXY0DlpZAuy1HVE614JqtVQMTLMDrp0B294RSiC5QxOnVG8MP-5he4oJ3h_520St:1p7eC9:EHif2nc-Tkym1nYrpFA-ZyhXqTozgylaRJcl34zq7aU','2023-01-03 15:06:17.226815');
INSERT INTO django_session VALUES('5y0ehh3y9cjkyq7zl22qaa4tdft589zm','.eJxVjEsOwjAMBe-SNYqcflLaJXvOENmxSwMoQUkrgRB3p5W6gO2befNWDpd5ckuR7AKrQdXq8LsR-pvEDfAV4yVpn-KcA-lN0Tst-pxY7qfd_QtMWKb1PRqsLZDUQMcRLQn7ru0tecCmpw4NcwW26o0VED8yyOq0WDXs0YA3W7RIKSFFJ89HyC81wOcLyLtAOQ:1p8MgC:f6LqrA0Pi0TaIJzlN1Q9Yyf_XPtKGwV15YoMhqNEQCo','2023-01-05 14:36:16.798208');
INSERT INTO django_session VALUES('1c3kvcd64ko5gzs34p0uu27gp7yvd6vg','.eJxVjMsOgjAUBf-la9PcUiji0r3f0NxXLWpoQmFl_HchYaHbMzPnbSKuS45r1TmOYi7Gm9PvRshPnXYgD5zuxXKZlnkkuyv2oNXeiujrerh_Bxlr3urk0Acg9UDnhIFUuO-GQAzYDtSjE2kgNIMLCspJQDenw6YVRgfszOcLCsQ4_A:1pChSB:xALrOVQsHE-Op9dYoBJL5mMxuVA63lGCMPFKTM1WwQY','2023-01-17 13:35:43.786892');
INSERT INTO django_session VALUES('2l1kqxx7uqg3o7k1xzqk7p7byuh78lvh','.eJxVjEsOwjAMBe-SNYqcflLaJXvOENmxSwMoQUkrgRB3p5W6gO2befNWDpd5ckuR7AKrQdXq8LsR-pvEDfAV4yVpn-KcA-lN0Tst-pxY7qfd_QtMWKb1PRqsLZDUQMcRLQn7ru0tecCmpw4NcwW26o0VED8yyOq0WDXs0YA3W7RIKSFFJ89HyC81wOcLyLtAOQ:1pCfjm:-mHH3rDWfYo8Idaqwl6VonhEHjNA0uDO94yU-BvztnQ','2023-01-17 11:45:46.971687');
INSERT INTO django_session VALUES('ythjb3xusknjm6v21q40pti9wyzofn7l','.eJxVjEsOwjAMBe-SNYqcflLaJXvOENmxSwMoQUkrgRB3p5W6gO2befNWDpd5ckuR7AKrQdXq8LsR-pvEDfAV4yVpn-KcA-lN0Tst-pxY7qfd_QtMWKb1PRqsLZDUQMcRLQn7ru0tecCmpw4NcwW26o0VED8yyOq0WDXs0YA3W7RIKSFFJ89HyC81wOcLyLtAOQ:1pD10p:UkfAzfl-YAw7GNz7qvKsBgco41uzsXY9-6bL1xhhhow','2023-01-18 10:28:47.643982');
INSERT INTO django_session VALUES('0htsb6ooiq0cpawxjdss0co5t4rlr7ks','.eJxVjEsOwjAMBe-SNYqcflLaJXvOENmxSwMoQUkrgRB3p5W6gO2befNWDpd5ckuR7AKrQdXq8LsR-pvEDfAV4yVpn-KcA-lN0Tst-pxY7qfd_QtMWKb1PRqsLZDUQMcRLQn7ru0tecCmpw4NcwW26o0VED8yyOq0WDXs0YA3W7RIKSFFJ89HyC81wOcLyLtAOQ:1pDV6R:lLNEakpXihlpcYHRbjwtbKy3c3TOWwWtDfpY-3n4UZs','2023-01-19 18:36:35.981546');
INSERT INTO django_session VALUES('gkqqb3qcx64a0uom074cezu0yhpu0a41','.eJxVjEsOwjAMBe-SNYqcflLaJXvOENmxSwMoQUkrgRB3p5W6gO2befNWDpd5ckuR7AKrQdXq8LsR-pvEDfAV4yVpn-KcA-lN0Tst-pxY7qfd_QtMWKb1PRqsLZDUQMcRLQn7ru0tecCmpw4NcwW26o0VED8yyOq0WDXs0YA3W7RIKSFFJ89HyC81wOcLyLtAOQ:1pDnMv:-VHx0t-ZPXBU-i8AOSor8O3eN6L4cPq0V4oB4gzbGy8','2023-01-20 14:06:49.904916');
INSERT INTO django_session VALUES('zst24k40qe4rjrgj3p7w2f9lteoadean','.eJxVjEsOwjAMBe-SNYqcflLaJXvOENmxSwMoQUkrgRB3p5W6gO2befNWDpd5ckuR7AKrQdXq8LsR-pvEDfAV4yVpn-KcA-lN0Tst-pxY7qfd_QtMWKb1PRqsLZDUQMcRLQn7ru0tecCmpw4NcwW26o0VED8yyOq0WDXs0YA3W7RIKSFFJ89HyC81wOcLyLtAOQ:1pEWqh:erwtrQgwEMyYlNQcsFygXYINl5-VUo4F36F9VajD3P4','2023-01-22 14:40:35.647489');
INSERT INTO django_session VALUES('cibxyyx7zy7hkk2adcuffmbwj31eiwmy','.eJxVjEsOwjAMBe-SNYqcflLaJXvOENmxSwMoQUkrgRB3p5W6gO2befNWDpd5ckuR7AKrQdXq8LsR-pvEDfAV4yVpn-KcA-lN0Tst-pxY7qfd_QtMWKb1PRqsLZDUQMcRLQn7ru0tecCmpw4NcwW26o0VED8yyOq0WDXs0YA3W7RIKSFFJ89HyC81wOcLyLtAOQ:1pEqXe:owemuMrW6RYF07cUk8pu0wFojzDNp-YDdQERpt3PMd0','2023-01-23 11:42:14.096339');
INSERT INTO django_session VALUES('h3u2ya8hm85m6i0uui5qlcim0lctppng','.eJxVjEEOgjAQRe8ya9NMKRTp0r1nINN2kKppTQuJhnB3IWGh2__efwv0NE9jPxfOffBgQMHpd7PkHhx34O8Ub0m4FKccrNgVcdAirsnz83K4f4GRyri9B0lKo2WF9jyQtuxd23TaOqS6sy1J7yvUVSc1I7vBI29OQ1XtHUl0co8WLiWk2PP7FfIHDJ7AUZ7ALKAUGLmuX-7rRJo:1pFbOX:MBd_4lnFj214bbVgh6Cv1S_Rib6eofZx8W7q_lyb82E','2023-01-25 13:43:57.619440');
INSERT INTO django_session VALUES('9135mj589x14fxfsf3t56c3kg7i8lzin','.eJxVz01PwzAMBuD_4nNVJe2W0R65M64TCEWO464ZJanygUDT_jsp2mU3y-_jV_IVEn6zdn4KME64JG4gBXK4IFEoPuuUMTOM71dYYyBOCUZYwtl5qJLCWjOoI5Y86xUjfm0Abg0cT69FFjqVo3qDjwb0PymJo3a2mh4edgbpk_0W2Av6c2gp-BydaTfS3tPUvgTLy_PdPhTMmOZ6PUnslTDcC_M0oTJs6bAflCGBu8EcUFrbCdUNUrFgmqzgavbY7SyhFCS30lTfdMFr_lld_IVR3P4AJxZj3Q:1pG1zC:8JeOqH71Rpi6f8PqhPe5m12Pnc2vvnKunQO68x3Xb_4','2023-01-26 18:07:34.854981');
INSERT INTO django_session VALUES('uvt74l7ird629t7gauruel2ye5chker4','eyJjYXJ0Ijp7IjMzIjoyfX0:1pGlB7:09NAIdWa9c6P0bam7pW8MqZYfYeaiYafQtu30gBRVH0','2023-01-28 18:22:53.902089');
INSERT INTO django_session VALUES('i59sbwtbdfs96tk8wdi3inn9fq8kjzni','.eJxVjEEOgyAQRe8y64aAKFaW3fcMZBjGSttgA5q0Md69mrhx-9_7bwHCPIFdQGuwar2Aw3ka3Fw4uxjAgobT5pFenHYQnpgeo6AxTTl6sSvioEXcx8Dv2-GeAgOWYXv3CrWRnrX01x6N50Bt0xlPEuvOt6hCqKSpOmVYMvVB8uY0WNWBUElSe7RwKXFMjr-fmH9g5foHOClEmg:1pHloA:na4yfQ9XTdqu5xvYcDdFet4dTR909nkoqG5iiJISuOM','2023-01-31 13:15:22.027780');
INSERT INTO django_session VALUES('bi67zsurel04iigb7rw55qbld6ydeany','eyJjYXJ0Ijp7IjMzIjoxLCIzNiI6MiwiMzQiOjF9fQ:1pIFNt:uqemL8A6XWKA6MWhmjgZ0kbeJvnesj4mEW6uXpZKQDI','2023-02-01 20:50:13.968871');
INSERT INTO django_session VALUES('99bsdcnwlisax20jlm8idip34cl49f0z','eyJzYXZlX2luZm8iOmZhbHNlfQ:1pJZ8B:86-3arCiNqW6X1gNSucceR9MHCNx5epcmdTVU9D_0Ag','2023-02-05 12:07:27.387693');
INSERT INTO django_session VALUES('dmqca8kuftfwg6awysfnlujip8dwgv55','.eJxVjEsOwjAMBe-SNYqcflLaJXvOENmxSwMoQUkrgRB3p5W6gO2befNWDpd5ckuR7AKrQdXq8LsR-pvEDfAV4yVpn-KcA-lN0Tst-pxY7qfd_QtMWKb1PRqsLZDUQMcRLQn7ru0tecCmpw4NcwW26o0VED8yyOq0WDXs0YA3W7RIKSFFJ89HyC81wOcLyLtAOQ:1pKHWT:54cbiKcnkQXF43rtCmCDk12neOuDUS0ffuDIh_DCsas','2023-02-07 11:31:29.182499');
INSERT INTO django_session VALUES('h6rhgv06ahemndjlz4i6d6nr4qmyjy75','.eJxVjEsOwjAMBe-SNYqcflLaJXvOENmxSwMoQUkrgRB3p5W6gO2befNWDpd5ckuR7AKrQdXq8LsR-pvEDfAV4yVpn-KcA-lN0Tst-pxY7qfd_QtMWKb1PRqsLZDUQMcRLQn7ru0tecCmpw4NcwW26o0VED8yyOq0WDXs0YA3W7RIKSFFJ89HyC81wOcLyLtAOQ:1pKkkl:9R2relwmpy1mvDSvILd8nI1ZNKtkT0_FBI4iK6pz0UM','2023-02-08 18:44:11.581652');
INSERT INTO django_session VALUES('m58s5nfir94exnig34cgc3jasxsv7cev','.eJxVjEEOgjAQRe8ya9NMKRTp0r1naKbtIFVTTAuJhnB3IWGh2__efwtYmqfBzoWzjQEMKDj9bo78g9MOwp3SbRR-TFOOTuyKOGgR1zHw83K4f4GByrC9e0lKo2OF7tyTdhx823TaeaS6cy3JECrUVSc1I_s-IG9OQ1UdPEn0co8WLiWOyfL7FfMHDJ7AU57ALKA0GLmuX-79RJ0:1pLMoK:bMgg2l1apH4B55ZHWajc_ngQkhT01Gpq3QH8p_YgiKk','2023-02-10 11:22:24.837441');
INSERT INTO django_session VALUES('i1v4mir8571bzoujutp6gahk5em4ybbc','.eJxVjMEOwiAQBf9lz4ZAodRy9O43kAW2FjVgoE00Tf_dNulBr2_mzQIW52m0c6ViYwADEk6_m0P_oLSDcMd0y8znNJXo2K6wg1Z2zYGel8P9C4xYx-09CJSaO5LcnQfUjoLv2l47z1H1rkMRQsN10wtNnPwQOG1Oi40KHgX3Yo9WqjXmZOn9iuUDhp_AY5nALKAUGLmuX-7-RJ4:1pMAM4:HThSotnyxtR6u2_j3YW__AZeuFuZSnN78_ysTJUpAz8','2023-02-12 16:16:32.866060');
INSERT INTO django_session VALUES('4bkx6obbbud6rykwwj2daqfcp4bcaxp9','.eJxVjEsOwjAMBe-SNYqcflLaJXvOENmxSwMoQUkrgRB3p5W6gO2befNWDpd5ckuR7AKrQdXq8LsR-pvEDfAV4yVpn-KcA-lN0Tst-pxY7qfd_QtMWKb1PRqsLZDUQMcRLQn7ru0tecCmpw4NcwW26o0VED8yyOq0WDXs0YA3W7RIKSFFJ89HyC81wOcLyLtAOQ:1pMS2O:XKT-nMiTK8kCysnjJkNrjJ8dPWq2vX1z_40pqhZbEdo','2023-02-13 11:09:24.497774');
INSERT INTO django_session VALUES('15dvfgbjusopnbaljj7o1haeeff7usjw','.eJxVjEsOwjAMBe-SNYqcflLaJXvOENmxSwMoQUkrgRB3p5W6gO2befNWDpd5ckuR7AKrQdXq8LsR-pvEDfAV4yVpn-KcA-lN0Tst-pxY7qfd_QtMWKb1PRqsLZDUQMcRLQn7ru0tecCmpw4NcwW26o0VED8yyOq0WDXs0YA3W7RIKSFFJ89HyC81wOcLyLtAOQ:1pMYlN:pykI2b4RCWPHNYMs1cXf-Vah3A99AHXIBXJ5BR_BmYM','2023-02-13 18:20:17.915700');
INSERT INTO django_session VALUES('yyf5c9bm3hln0uqaa8b2b6rn3updyypc','.eJxVjEsOwjAMBe-SNYqcflLaJXvOENmxSwMoQUkrgRB3p5W6gO2befNWDpd5ckuR7AKrQdXq8LsR-pvEDfAV4yVpn-KcA-lN0Tst-pxY7qfd_QtMWKb1PRqsLZDUQMcRLQn7ru0tecCmpw4NcwW26o0VED8yyOq0WDXs0YA3W7RIKSFFJ89HyC81wOcLyLtAOQ:1pMo9W:FSlkET-WxhiGbMo_UiMR5C0LngQJIynLyL8zXI_nsfA','2023-02-14 10:46:14.009102');
INSERT INTO django_session VALUES('pmwxab4mthnehv05nip0cwksau1oegki','e30:1pNEoF:tZB1cVoFQeUXcRrlR9xVwiyWinUzNOLCoPTla_rvsM0','2023-02-15 15:14:03.136069');
INSERT INTO django_session VALUES('8y60wrlewf7639zfgp0meff8snev2rsf','e30:1pOkP2:DAVcPaUXP35nTA93GYk5Wbb-gLzuU5PhODjiuGBGG4g','2023-02-19 19:10:16.944017');
INSERT INTO django_session VALUES('1d1l7klhqvxw0osvngbmxoevb6oak79c','.eJxVjMsOwiAQRf9l1g2BPqhl6d5vIANMLWrAADWapv9um3Sh23vOPQtonMuk50xJewcKGqh-N4P2TmEH7obhGpmNoSRv2K6wg2Z2iY4e58P9C0yYp-09CmwkN9RwcxpRGnK27wZpLMd2MD0K52ou60FI4mRHx2lzOqxbZ1FwK_Zoppx9DJreT58-oHgFGV-kfRgjqJJmqsBiKqAWaDtQYl2_x6NKwQ:1pPrh7:Qx6XqvusCbTrIv5NEoLCiBzea-mA4_VQEKqsD48I_7c','2023-02-22 21:09:33.183687');
INSERT INTO django_session VALUES('sc8l9pts35h9u9qhvijjtnqijs2h60z4','.eJxVjEsOwjAMBe-SNYqcflLaJXvOENmxSwMoQUkrgRB3p5W6gO2befNWDpd5ckuR7AKrQdXq8LsR-pvEDfAV4yVpn-KcA-lN0Tst-pxY7qfd_QtMWKb1PRqsLZDUQMcRLQn7ru0tecCmpw4NcwW26o0VED8yyOq0WDXs0YA3W7RIKSFFJ89HyC81wOcLyLtAOQ:1pPsKj:2blzmZcVwPrAuz4cU2iLZtUleMzu6Goidr6kYN80x5k','2023-02-22 21:50:29.201229');
INSERT INTO django_session VALUES('onosmph4tprjfkblzdw4zh5xv0o3jfs4','.eJxVjMEOgyAQBf9lz8aAKFaOvfcbyAJLpW2gAW3aGP-9mnhor2_mzQIa52nUc6GsgwMFAqrfzaC9U9yBu2G8ptqmOOVg6l2pD1rqS3L0OB_uX2DEMm5vz1FIZkgwc_IoDTnbd4M0lmE7mB65cw2TzcAlMbLeMdqcDpvWWeTM8j1aqJSQoqb3M-QPKFZBwRfpEH0CNeWZKrCYJ1ALtAIUX9cvx5dKvw:1pRWNu:EX_BgGYzmJfP-xogo6bPQLcBFoWDDjCyQT90SHEyzoE','2023-02-27 10:48:34.147056');
INSERT INTO django_session VALUES('jd28zyss5lcgunvvrea64br2in3i8y2x','e30:1pSIN2:vATck3KCJLOB0PVCY3sjaSSL82WmO3H3RuIlHBVuwSE','2023-03-01 14:02:52.346339');
INSERT INTO django_session VALUES('9g3wcf0k741iujfcp3sbxzop3ke15of7','.eJxVjMsOgjAUBf-la9PcUiji0r3f0NxXLWpoQmFl_HchYaHbMzPnbSKuS45r1TmOYi7Gm9PvRshPnXYgD5zuxXKZlnkkuyv2oNXeiujrerh_Bxlr3urk0Acg9UDnhIFUuO-GQAzYDtSjE2kgNIMLCspJQDenw6YVRgfszOcLCsQ4_A:1pSfgr:-0L8FX8QiaZ1xRMI8wQpYXRtIZ1wSOI6fURWPWRt0qI','2023-03-02 14:56:53.897714');
INSERT INTO django_session VALUES('fbkq76kxlmo684s8alzs6omaov8s0hu3','.eJwVirEKgDAMBf_lzYKrOOof6KaIhFBUqE01EYXiv1u3u-MSVHgjT8xyBZvVyBzqMSG4x1CjRIF4CjvVbF6WLeSiLDFvyEiXrXOkk_Z_wFug4_Wuuudoh6bH9H6n5iD5:1tEU8E:r0CMLE70oUG_-NmAJNtlh3ofFeccyXs6znoqlDKPKS0','2024-12-06 13:55:34.398975');
CREATE TABLE IF NOT EXISTS "account_emailconfirmation" ("id" integer NOT NULL PRIMARY KEY AUTOINCREMENT, "created" datetime NOT NULL, "sent" datetime NULL, "key" varchar(64) NOT NULL UNIQUE, "email_address_id" integer NOT NULL REFERENCES "account_emailaddress" ("id") DEFERRABLE INITIALLY DEFERRED);
CREATE TABLE IF NOT EXISTS "account_emailaddress" ("id" integer NOT NULL PRIMARY KEY AUTOINCREMENT, "verified" bool NOT NULL, "primary" bool NOT NULL, "user_id" integer NOT NULL REFERENCES "auth_user" ("id") DEFERRABLE INITIALLY DEFERRED, "email" varchar(254) NOT NULL UNIQUE);
INSERT INTO account_emailaddress VALUES(1,1,1,1,'a@a.com');
INSERT INTO account_emailaddress VALUES(2,1,1,2,'s@s.com');
INSERT INTO account_emailaddress VALUES(3,1,1,3,'g@g.com');
INSERT INTO account_emailaddress VALUES(4,1,1,4,'bm@bm.com');
INSERT INTO account_emailaddress VALUES(5,1,1,5,'mjjstockman@gmail.com');
INSERT INTO account_emailaddress VALUES(6,1,1,6,'bbb@w.com');
INSERT INTO account_emailaddress VALUES(7,1,1,7,'b@d.com');
INSERT INTO account_emailaddress VALUES(8,0,1,8,'r@r.com');
INSERT INTO account_emailaddress VALUES(9,0,1,9,'o@o.com');
INSERT INTO account_emailaddress VALUES(10,0,1,10,'n@n.com');
CREATE TABLE IF NOT EXISTS "django_site" ("id" integer NOT NULL PRIMARY KEY AUTOINCREMENT, "name" varchar(50) NOT NULL, "domain" varchar(100) NOT NULL UNIQUE);
INSERT INTO django_site VALUES(1,'Get Wurst','ecomm-gw.herokuapp.com');
CREATE TABLE IF NOT EXISTS "socialaccount_socialapp_sites" ("id" integer NOT NULL PRIMARY KEY AUTOINCREMENT, "socialapp_id" integer NOT NULL REFERENCES "socialaccount_socialapp" ("id") DEFERRABLE INITIALLY DEFERRED, "site_id" integer NOT NULL REFERENCES "django_site" ("id") DEFERRABLE INITIALLY DEFERRED);
INSERT INTO socialaccount_socialapp_sites VALUES(2,2,1);
CREATE TABLE IF NOT EXISTS "socialaccount_socialtoken" ("id" integer NOT NULL PRIMARY KEY AUTOINCREMENT, "token" text NOT NULL, "token_secret" text NOT NULL, "expires_at" datetime NULL, "account_id" integer NOT NULL REFERENCES "socialaccount_socialaccount" ("id") DEFERRABLE INITIALLY DEFERRED, "app_id" integer NOT NULL REFERENCES "socialaccount_socialapp" ("id") DEFERRABLE INITIALLY DEFERRED);
CREATE TABLE IF NOT EXISTS "socialaccount_socialapp" ("id" integer NOT NULL PRIMARY KEY AUTOINCREMENT, "provider" varchar(30) NOT NULL, "name" varchar(40) NOT NULL, "client_id" varchar(191) NOT NULL, "key" varchar(191) NOT NULL, "secret" varchar(191) NOT NULL);
INSERT INTO socialaccount_socialapp VALUES(2,'google','ecomm','888295741044-l1pvg9ftuodni79ed3vtdtrncjaon8ja.apps.googleusercontent.com','','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');
CREATE TABLE IF NOT EXISTS "socialaccount_socialaccount" ("id" integer NOT NULL PRIMARY KEY AUTOINCREMENT, "provider" varchar(30) NOT NULL, "uid" varchar(191) NOT NULL, "last_login" datetime NOT NULL, "date_joined" datetime NOT NULL, "user_id" integer NOT NULL REFERENCES "auth_user" ("id") DEFERRABLE INITIALLY DEFERRED, "extra_data" text NOT NULL);
CREATE TABLE IF NOT EXISTS "checkout_orderlineitem" ("id" integer NOT NULL PRIMARY KEY AUTOINCREMENT, "quantity" integer NOT NULL, "lineitem_total" decimal NOT NULL, "order_id" bigint NOT NULL REFERENCES "checkout_order" ("id") DEFERRABLE INITIALLY DEFERRED, "product_id" bigint NOT NULL REFERENCES "products_product" ("id") DEFERRABLE INITIALLY DEFERRED);
INSERT INTO checkout_orderlineitem VALUES(11,2,4,11,45);
INSERT INTO checkout_orderlineitem VALUES(12,3,6,11,43);
INSERT INTO checkout_orderlineitem VALUES(13,1,2,12,45);
INSERT INTO checkout_orderlineitem VALUES(14,1,8,13,43);
INSERT INTO checkout_orderlineitem VALUES(15,1,7.5,14,45);
CREATE TABLE IF NOT EXISTS "django_summernote_attachment" ("id" integer NOT NULL PRIMARY KEY AUTOINCREMENT, "name" varchar(255) NULL, "file" varchar(100) NOT NULL, "uploaded" datetime NOT NULL);
CREATE TABLE IF NOT EXISTS "faq_answer" ("id" integer NOT NULL PRIMARY KEY AUTOINCREMENT, "body" varchar(200) NOT NULL UNIQUE, "created_on" datetime NOT NULL, "updated_on" datetime NOT NULL, "status" integer NOT NULL, "question_id" bigint NULL REFERENCES "faq_question" ("id") DEFERRABLE INITIALLY DEFERRED, "author_id" integer NULL REFERENCES "auth_user" ("id") DEFERRABLE INITIALLY DEFERRED);
INSERT INTO faq_answer VALUES(44,'ee','2022-10-10 13:09:05.970628','2022-10-10 14:29:05.077735',1,11,1);
INSERT INTO faq_answer VALUES(45,'www','2022-10-10 14:29:51.774743','2022-10-10 14:32:52.052868',1,11,3);
INSERT INTO faq_answer VALUES(46,'qet','2022-10-10 14:48:33.579213','2022-10-10 18:41:11.059590',1,11,3);
INSERT INTO faq_answer VALUES(47,'answer mmmmm','2022-10-11 12:14:42.325964','2022-10-11 12:15:53.265660',1,12,3);
INSERT INTO faq_answer VALUES(48,'check','2022-10-11 17:32:36.548741','2022-10-11 17:32:36.548764',0,12,3);
INSERT INTO faq_answer VALUES(49,'nmnmnmnmnmnmn','2022-10-11 18:25:46.633575','2022-10-11 18:25:46.633596',0,12,3);
INSERT INTO faq_answer VALUES(50,'check answer','2022-10-11 18:55:43.860697','2022-10-11 18:56:06.278018',1,13,3);
INSERT INTO faq_answer VALUES(51,'answer no check','2022-10-11 18:59:36.167040','2022-10-11 18:59:50.358889',1,15,3);
INSERT INTO faq_answer VALUES(52,'straight to pub','2022-10-11 19:32:40.776114','2022-10-11 19:32:40.776137',1,15,3);
INSERT INTO faq_answer VALUES(53,'nmnmnmnmnm','2022-10-12 11:38:45.420246','2022-10-12 11:39:45.966464',1,15,3);
INSERT INTO faq_answer VALUES(54,'wqwqwq','2022-10-12 11:40:08.118812','2022-10-12 11:40:34.317587',1,13,3);
INSERT INTO faq_answer VALUES(55,'404','2022-10-14 12:11:50.966799','2022-10-14 12:11:50.966822',1,16,3);
INSERT INTO faq_answer VALUES(56,'we','2022-10-14 12:12:17.897224','2022-10-14 12:12:17.897250',1,16,3);
INSERT INTO faq_answer VALUES(57,'new new answer','2022-10-14 19:26:13.698716','2022-10-14 19:26:13.698745',1,19,3);
INSERT INTO faq_answer VALUES(58,'fghjk','2022-10-14 19:28:05.093014','2022-10-14 19:28:05.093037',1,19,3);
INSERT INTO faq_answer VALUES(59,'sdadada','2022-10-14 19:41:38.209517','2022-10-14 19:41:38.209543',1,19,3);
INSERT INTO faq_answer VALUES(60,'an answer to test with email answer','2022-12-11 17:07:08.868392','2022-12-11 17:07:08.868434',1,20,3);
INSERT INTO faq_answer VALUES(61,'user answer','2022-12-11 17:19:48.114621','2022-12-11 17:21:39.633840',1,11,4);
INSERT INTO faq_answer VALUES(62,'sned an email?','2022-12-11 17:23:20.608172','2022-12-11 17:23:20.608196',1,20,3);
INSERT INTO faq_answer VALUES(63,'AN ANswer','2022-12-11 17:33:00.319633','2022-12-11 17:33:00.319654',1,21,3);
INSERT INTO faq_answer VALUES(64,'qqqq','2023-01-09 12:44:01.709956','2023-01-09 12:44:01.709987',1,21,3);
INSERT INTO faq_answer VALUES(65,'aa','2023-01-09 12:46:45.821195','2023-01-09 12:46:45.821216',1,22,3);
INSERT INTO faq_answer VALUES(66,'qqqqq','2023-02-01 11:59:36.217203','2023-02-01 11:59:36.217230',1,23,3);
INSERT INTO faq_answer VALUES(67,'fdsafdsa','2023-02-04 12:50:21.933730','2023-02-04 12:50:21.933758',1,23,3);
INSERT INTO faq_answer VALUES(68,'rrrrr','2023-02-04 13:12:45.933747','2023-02-04 13:12:45.933772',1,22,3);
INSERT INTO faq_answer VALUES(69,'fffffffff','2023-02-04 13:14:41.511212','2023-02-04 13:14:41.511238',0,23,7);
CREATE TABLE IF NOT EXISTS "faq_answer_dislike" ("id" integer NOT NULL PRIMARY KEY AUTOINCREMENT, "answer_id" bigint NOT NULL REFERENCES "faq_answer" ("id") DEFERRABLE INITIALLY DEFERRED, "user_id" integer NOT NULL REFERENCES "auth_user" ("id") DEFERRABLE INITIALLY DEFERRED);
CREATE TABLE IF NOT EXISTS "faq_answer_like" ("id" integer NOT NULL PRIMARY KEY AUTOINCREMENT, "answer_id" bigint NOT NULL REFERENCES "faq_answer" ("id") DEFERRABLE INITIALLY DEFERRED, "user_id" integer NOT NULL REFERENCES "auth_user" ("id") DEFERRABLE INITIALLY DEFERRED);
INSERT INTO faq_answer_like VALUES(99,55,3);
INSERT INTO faq_answer_like VALUES(132,63,3);
INSERT INTO faq_answer_like VALUES(133,67,3);
CREATE TABLE IF NOT EXISTS "products_category" ("id" integer NOT NULL PRIMARY KEY AUTOINCREMENT, "name" varchar(254) NOT NULL);
INSERT INTO products_category VALUES(1,'Bratwurst');
INSERT INTO products_category VALUES(2,'Chicken');
INSERT INTO products_category VALUES(3,'Burger');
CREATE TABLE IF NOT EXISTS "products_product" ("id" integer NOT NULL PRIMARY KEY AUTOINCREMENT, "name" varchar(254) NOT NULL, "description" text NOT NULL, "price" decimal NOT NULL, "short_description" text NOT NULL, "category_id" bigint NOT NULL REFERENCES "products_category" ("id") DEFERRABLE INITIALLY DEFERRED, "image" varchar(100) NOT NULL);
INSERT INTO products_product VALUES(43,'Double Pig','Our traditional Bratwurst piled with masses of home smoked crispy bacon.  Great with dollops of mustard, onions and rocket.',8,'Bacon loaded Bratwurst',1,'product_images/bratwurst-bacon.jpeg');
INSERT INTO products_product VALUES(45,'Smokey One','Multi-award winning and stupendously smoked! This is the one for you if you love full flavours and beautiful aromas.',7.5,'Seriously smoked',1,'product_images/bratwurst-special.jpeg');
INSERT INTO products_product VALUES(46,'Spring Onion','The traditional Bratwurst topped with fresh crisp spring onions. A top seller complimented perfectly by out homemade ketchup.',7,'Sprinkled with onions',1,'product_images/bratwurst-spring-onion.jpeg');
INSERT INTO products_product VALUES(47,'Chorizo Burger','Perhaps the perfect combination. The best burger you''ll ever find, complimented perfectly with chorizo.',7,'Beef n Pork',3,'product_images/burger-chorizo-egg.jpeg');
INSERT INTO products_product VALUES(48,'Double Cheese','Double trouble! Two of our wonderful burgers topped with award winning, locally produced cheddar cheese.',8,'Two burgers',3,'product_images/burger-double-cheese.jpeg');
INSERT INTO products_product VALUES(49,'Shroomy','Get Wurst''s amazing burger paired with perfectly seasoned locally picked mushrooms.',2,'With mushrooms',3,'product_images/burger-mushrooms.jpeg');
INSERT INTO products_product VALUES(50,'Seriously Salsa','This is for the flavour lovers! Topped with a seriously sweet, tangy and slightly spicy home made tomato and herb salsa.',3,'Tomato relish topped',3,'product_images/MJ_TERST_Y045uD3.png');
INSERT INTO products_product VALUES(52,'Fried Chicken','A selection of fried thigh and drumstick pieces. Coated in our award winning homemade batter.',5,'Fried and battered',2,'product_images/chicken-fried-pieces.jpeg');
INSERT INTO products_product VALUES(53,'BBQ Wings','The very best wings smothered in a rich tangy BBQ sauce. Very moreish!',33,'Coated in BBQ sauce',2,'product_images/chicken-wings-bbq.jpeg');
INSERT INTO products_product VALUES(54,'Honey Wings','Like it sweet? These are the wings for you. The perfect combo we all love.',4,'Sweet!',2,'product_images/chicken-wings-honey_Em9K2zv.jpeg');
INSERT INTO products_product VALUES(55,'Satay Wings','Perfectly peanuty satay sauce covered chicken wings. Our best selling wings, find out why.',4,'Peanut flavoured',2,'product_images/chicken-wings-satay.jpeg');
INSERT INTO products_product VALUES(56,'Hot Wings','Perfectly spiced chicken wings coated in handmade crispy batter.',4,'Slightly spiced wings',2,'product_images/chicken-wings-hot.jpeg');
CREATE TABLE IF NOT EXISTS "events_event" ("id" integer NOT NULL PRIMARY KEY AUTOINCREMENT, "name" varchar(150) NOT NULL, "image" varchar(100) NOT NULL, "link" varchar(200) NOT NULL, "date" date NULL);
INSERT INTO events_event VALUES(5,'Windmill','events/brixton-windmill.jpeg','https://www.windmillbrixton.co.uk/','2022-10-18');
INSERT INTO events_event VALUES(6,'Glastonbury','events/glastonbury.jpeg','https://www.glastonburyfestivals.co.uk/','2022-07-28');
INSERT INTO events_event VALUES(7,'Opera House','events/opera-house.jpeg','https://opera.org.au/sydney/?gclid=Cj0KCQiAofieBhDXARIsAHTTldpfasNo8OJkC--4NRJPpAJfn19lsf67Xl_7KsUc98XlF5MFg7f-qI4aAuQDEALw_wcB','2022-04-26');
INSERT INTO events_event VALUES(8,'Leeds Market','events/leeds-market.jpeg','https://www.visitleeds.co.uk/things-to-do/family-friendly-days-out/leeds-kirkgate-market/','2021-12-14');
INSERT INTO events_event VALUES(9,'Leeds Football','events/leeds-stadium.jpeg','https://www.premierleague.com/clubs/9/Leeds-United/stadium','2023-02-04');
INSERT INTO events_event VALUES(10,'Tramlines','events/tramlines.jpeg','https://tramlines.org.uk/','2022-08-03');
CREATE TABLE IF NOT EXISTS "faq_question" ("id" integer NOT NULL PRIMARY KEY AUTOINCREMENT, "body" varchar(200) NOT NULL UNIQUE, "created_on" datetime NOT NULL, "updated_on" datetime NOT NULL, "status" integer NOT NULL, "author_id" integer NULL REFERENCES "auth_user" ("id") DEFERRABLE INITIALLY DEFERRED, "email_on_answer" bool NOT NULL);
INSERT INTO faq_question VALUES(11,'THIS IS A QION THIS IS A QION THIS IS A QION THIS IS A QION','2022-10-09 18:31:40.022575','2022-10-10 17:36:08.762253',1,3,0);
INSERT INTO faq_question VALUES(12,'mnmnm','2022-10-11 12:13:48.249315','2022-10-11 12:14:05.748801',1,3,0);
INSERT INTO faq_question VALUES(13,'check','2022-10-11 18:52:30.023901','2022-10-11 18:55:24.638364',1,3,1);
INSERT INTO faq_question VALUES(14,'no email','2022-10-11 18:56:31.823438','2022-10-11 18:56:31.823463',0,3,0);
INSERT INTO faq_question VALUES(15,'no check','2022-10-11 18:57:25.099519','2022-10-11 18:59:15.285089',1,3,0);
INSERT INTO faq_question VALUES(16,'pub','2022-10-11 19:34:00.194947','2022-10-11 19:34:00.194979',1,3,0);
INSERT INTO faq_question VALUES(17,'email?','2022-10-14 19:21:59.087106','2022-10-14 19:21:59.087132',1,3,1);
INSERT INTO faq_question VALUES(18,'innit','2022-10-14 19:24:00.394938','2022-10-14 19:24:00.394964',1,3,1);
INSERT INTO faq_question VALUES(19,'new new','2022-10-14 19:25:48.480269','2022-10-14 19:25:48.480296',1,3,1);
INSERT INTO faq_question VALUES(20,'test with email answer','2022-12-11 17:04:06.295906','2022-12-11 17:04:06.295937',1,3,1);
INSERT INTO faq_question VALUES(21,'dec 11 test, email checked','2022-12-11 17:28:15.325322','2022-12-11 17:30:01.898830',1,4,1);
INSERT INTO faq_question VALUES(22,'q1q1q1q1q1q1','2023-01-09 12:44:14.855475','2023-01-09 12:44:14.855497',1,3,0);
INSERT INTO faq_question VALUES(23,'qqq','2023-01-09 12:46:55.406312','2023-01-09 12:46:55.406331',1,3,0);
INSERT INTO faq_question VALUES(24,'eeeee','2023-02-09 13:09:25.341185','2023-02-09 13:09:25.341208',1,3,0);
CREATE TABLE IF NOT EXISTS "checkout_order" ("id" integer NOT NULL PRIMARY KEY AUTOINCREMENT, "order_number" varchar(32) NOT NULL, "full_name" varchar(50) NOT NULL, "email" varchar(254) NOT NULL, "phone_number" varchar(128) NOT NULL, "postcode" varchar(20) NULL, "town_or_city" varchar(40) NOT NULL, "street_address1" varchar(80) NOT NULL, "street_address2" varchar(80) NULL, "county" varchar(80) NULL, "date" datetime NOT NULL, "total" decimal NULL, "original_cart" text NOT NULL, "stripe_pid" varchar(254) NOT NULL, "user_profile_id" bigint NULL REFERENCES "profiles_userprofile" ("id") DEFERRABLE INITIALLY DEFERRED, "newsletter_signup" bool NOT NULL);
INSERT INTO checkout_order VALUES(1,'149C0A3F5D3440E0A78412AD7E18AD6D','m','m@m.com','12','sa','sa','sa','sa','sa','2023-01-12 12:25:06.670670',0,'{"33": 1}','pi_3MPPoUDEsL3QJnnR0wg9Npt6',NULL,0);
INSERT INTO checkout_order VALUES(2,'C368D9A6A24A4E708DAF0CF20E77967F','fdsa','g@g.com','00000','test','test','test','test','changed','2023-01-22 11:18:45.178366',0,'{"36": 1}','pi_3MT1YzDEsL3QJnnR1H6CYttz',1,0);
INSERT INTO checkout_order VALUES(3,'B2EFB058822E483F9CBAF0DCD5B2B558','ewew','fff@ff.com','21',NULL,'fesa','dwa',NULL,NULL,'2023-01-22 11:25:00.507223',0,'{"36": 1}','pi_3MT1eoDEsL3QJnnR1t85q9Oc',NULL,0);
INSERT INTO checkout_order VALUES(4,'98BF1C15908D46FA9DBABEF23E6647B9','Sean','sean@ci.com','1234567','A12B34','Soem Town','Some Street',NULL,'Some County','2023-01-22 12:07:27.306301',0,'{"33": 1}','pi_3MT2KKDEsL3QJnnR0nEXUcOY',NULL,0);
INSERT INTO checkout_order VALUES(5,'AF1D1201493A41A0A3923CB50FC9BE82','fdsa','g@g.com','00000','test','test','test','test','changed','2023-01-22 12:20:31.247736',0,'{"36": 2}','pi_3MT2X0DEsL3QJnnR1qxlwsRT',1,0);
INSERT INTO checkout_order VALUES(6,'48F1AFA4BC0A44D9BE9BD6940B1A1FAB','gfds','g@g.com','00000','test','test','test','test','changed','2023-01-22 12:22:44.914832',0,'{"36": 1}','pi_3MT2ZBDEsL3QJnnR0z5z5ArI',1,0);
INSERT INTO checkout_order VALUES(7,'D7907F331D754AF7BEA97F3ADE2164D0','gfds','g@g.com','00000','test','test','test','test','changed','2023-01-22 12:27:44.914400',0,'{"36": 1}','pi_3MT2e1DEsL3QJnnR0fGYsM29',1,0);
INSERT INTO checkout_order VALUES(8,'EA052C03B8D24C13BE48A7B5EAAFA0A2','gfds','g@g.com','00000','42424','test','test','test','changed','2023-01-22 12:27:50.500757',0,'{"36": 1}','pi_3MT2e1DEsL3QJnnR0fGYsM29',1,0);
INSERT INTO checkout_order VALUES(9,'5888B80EDAE24BFAA4CF3C309651781C','fdsa','g@g.com','00000','42424','test','test','test','changed','2023-01-22 13:21:44.796715',0,'{"36": 2}','pi_3MT2X0DEsL3QJnnR1qxlwsRT',1,0);
INSERT INTO checkout_order VALUES(10,'D2B6052ECCA54C609C2446168F1596C1','gfds','g@g.com','00000','42424','test','test','test','changed','2023-01-22 13:23:32.552815',0,'{"36": 1}','pi_3MT2ZBDEsL3QJnnR0z5z5ArI',1,0);
INSERT INTO checkout_order VALUES(11,'49280666B1DD46BFBCD548B43EE33921','e','g@g.com','00000','42424','test','test','test','changed','2023-02-08 16:27:05.769859',10,'{"45": 2, "43": 3}','pi_3MZGTgDEsL3QJnnR1zWFlrAp',1,0);
INSERT INTO checkout_order VALUES(12,'EC3C1A590CF34E0287FEA3D5CF89659D','fdsa','g@g.com','00000','42424','test','test','test','changed','2023-02-08 16:29:43.388854',2,'{"45": 1}','pi_3MZGWRDEsL3QJnnR1vZnLLZk',1,0);
INSERT INTO checkout_order VALUES(13,'618FB8D0A5374D65B9791361FDFC671E','gfsd','f@dr.com','fdsa',NULL,'shef','3 r',NULL,NULL,'2023-02-09 19:27:09.099917',8,'{"43": 1}','pi_3MZfkWDEsL3QJnnR0PaZr9kz',NULL,0);
INSERT INTO checkout_order VALUES(14,'E10EB9DDED644C4ABA1103FDB599B57E','grdts','g@g.com','2',NULL,'gfds','2',NULL,NULL,'2023-02-12 17:05:30.899829',7.5,'{"45": 1}','pi_3MaiygDEsL3QJnnR0aJfEQ9j',1,0);
CREATE TABLE IF NOT EXISTS "profiles_userprofile" ("id" integer NOT NULL PRIMARY KEY AUTOINCREMENT, "default_street_address1" varchar(80) NULL, "default_street_address2" varchar(80) NULL, "default_town_or_city" varchar(40) NULL, "default_county" varchar(80) NULL, "default_postcode" varchar(20) NULL, "user_id" integer NOT NULL UNIQUE REFERENCES "auth_user" ("id") DEFERRABLE INITIALLY DEFERRED, "default_phone_number" varchar(128) NULL);
INSERT INTO profiles_userprofile VALUES(1,'2',NULL,'gfds',NULL,NULL,3,'2');
INSERT INTO profiles_userprofile VALUES(2,NULL,NULL,NULL,NULL,NULL,4,NULL);
INSERT INTO profiles_userprofile VALUES(3,NULL,NULL,NULL,NULL,NULL,5,NULL);
INSERT INTO profiles_userprofile VALUES(4,NULL,NULL,NULL,NULL,NULL,6,NULL);
INSERT INTO profiles_userprofile VALUES(5,NULL,NULL,NULL,NULL,NULL,7,NULL);
INSERT INTO profiles_userprofile VALUES(6,NULL,NULL,NULL,NULL,NULL,8,NULL);
INSERT INTO profiles_userprofile VALUES(7,NULL,NULL,NULL,NULL,NULL,9,NULL);
INSERT INTO profiles_userprofile VALUES(8,NULL,NULL,NULL,NULL,NULL,10,NULL);
DELETE FROM sqlite_sequence;
INSERT INTO sqlite_sequence VALUES('django_migrations',84);
INSERT INTO sqlite_sequence VALUES('django_admin_log',241);
INSERT INTO sqlite_sequence VALUES('django_content_type',22);
INSERT INTO sqlite_sequence VALUES('auth_permission',88);
INSERT INTO sqlite_sequence VALUES('auth_group',0);
INSERT INTO sqlite_sequence VALUES('auth_user',10);
INSERT INTO sqlite_sequence VALUES('account_emailaddress',10);
INSERT INTO sqlite_sequence VALUES('django_site',1);
INSERT INTO sqlite_sequence VALUES('socialaccount_socialapp',2);
INSERT INTO sqlite_sequence VALUES('socialaccount_socialaccount',0);
INSERT INTO sqlite_sequence VALUES('socialaccount_socialapp_sites',2);
INSERT INTO sqlite_sequence VALUES('django_summernote_attachment',0);
INSERT INTO sqlite_sequence VALUES('faq_answer',69);
INSERT INTO sqlite_sequence VALUES('faq_answer_like',134);
INSERT INTO sqlite_sequence VALUES('products_category',3);
INSERT INTO sqlite_sequence VALUES('products_product',66);
INSERT INTO sqlite_sequence VALUES('events_event',10);
INSERT INTO sqlite_sequence VALUES('checkout_orderlineitem',15);
INSERT INTO sqlite_sequence VALUES('faq_question',24);
INSERT INTO sqlite_sequence VALUES('checkout_order',14);
INSERT INTO sqlite_sequence VALUES('profiles_userprofile',8);
CREATE UNIQUE INDEX "auth_group_permissions_group_id_permission_id_0cd325b0_uniq" ON "auth_group_permissions" ("group_id", "permission_id");
CREATE INDEX "auth_group_permissions_group_id_b120cbf9" ON "auth_group_permissions" ("group_id");
CREATE INDEX "auth_group_permissions_permission_id_84c5c92e" ON "auth_group_permissions" ("permission_id");
CREATE UNIQUE INDEX "auth_user_groups_user_id_group_id_94350c0c_uniq" ON "auth_user_groups" ("user_id", "group_id");
CREATE INDEX "auth_user_groups_user_id_6a12ed8b" ON "auth_user_groups" ("user_id");
CREATE INDEX "auth_user_groups_group_id_97559544" ON "auth_user_groups" ("group_id");
CREATE UNIQUE INDEX "auth_user_user_permissions_user_id_permission_id_14a6b632_uniq" ON "auth_user_user_permissions" ("user_id", "permission_id");
CREATE INDEX "auth_user_user_permissions_user_id_a95ead1b" ON "auth_user_user_permissions" ("user_id");
CREATE INDEX "auth_user_user_permissions_permission_id_1fbb5f2c" ON "auth_user_user_permissions" ("permission_id");
CREATE INDEX "django_admin_log_content_type_id_c4bce8eb" ON "django_admin_log" ("content_type_id");
CREATE INDEX "django_admin_log_user_id_c564eba6" ON "django_admin_log" ("user_id");
CREATE UNIQUE INDEX "django_content_type_app_label_model_76bd3d3b_uniq" ON "django_content_type" ("app_label", "model");
CREATE UNIQUE INDEX "auth_permission_content_type_id_codename_01ab375a_uniq" ON "auth_permission" ("content_type_id", "codename");
CREATE INDEX "auth_permission_content_type_id_2f476e4b" ON "auth_permission" ("content_type_id");
CREATE INDEX "django_session_expire_date_a5c62663" ON "django_session" ("expire_date");
CREATE INDEX "account_emailconfirmation_email_address_id_5b7f8c58" ON "account_emailconfirmation" ("email_address_id");
CREATE INDEX "account_emailaddress_user_id_2c513194" ON "account_emailaddress" ("user_id");
CREATE UNIQUE INDEX "socialaccount_socialtoken_app_id_account_id_fca4e0ac_uniq" ON "socialaccount_socialtoken" ("app_id", "account_id");
CREATE UNIQUE INDEX "socialaccount_socialapp_sites_socialapp_id_site_id_71a9a768_uniq" ON "socialaccount_socialapp_sites" ("socialapp_id", "site_id");
CREATE INDEX "socialaccount_socialapp_sites_socialapp_id_97fb6e7d" ON "socialaccount_socialapp_sites" ("socialapp_id");
CREATE INDEX "socialaccount_socialapp_sites_site_id_2579dee5" ON "socialaccount_socialapp_sites" ("site_id");
CREATE INDEX "socialaccount_socialtoken_account_id_951f210e" ON "socialaccount_socialtoken" ("account_id");
CREATE INDEX "socialaccount_socialtoken_app_id_636a42d7" ON "socialaccount_socialtoken" ("app_id");
CREATE UNIQUE INDEX "socialaccount_socialaccount_provider_uid_fc810c6e_uniq" ON "socialaccount_socialaccount" ("provider", "uid");
CREATE INDEX "socialaccount_socialaccount_user_id_8146e70c" ON "socialaccount_socialaccount" ("user_id");
CREATE INDEX "checkout_orderlineitem_order_id_b4cfbe6b" ON "checkout_orderlineitem" ("order_id");
CREATE INDEX "checkout_orderlineitem_product_id_739c699d" ON "checkout_orderlineitem" ("product_id");
CREATE INDEX "faq_answer_question_id_55cc9987" ON "faq_answer" ("question_id");
CREATE INDEX "faq_answer_author_id_19130b29" ON "faq_answer" ("author_id");
CREATE UNIQUE INDEX "faq_answer_dislike_answer_id_user_id_98071a2e_uniq" ON "faq_answer_dislike" ("answer_id", "user_id");
CREATE INDEX "faq_answer_dislike_answer_id_6869b1ca" ON "faq_answer_dislike" ("answer_id");
CREATE INDEX "faq_answer_dislike_user_id_8cb0cbab" ON "faq_answer_dislike" ("user_id");
CREATE UNIQUE INDEX "faq_answer_like_answer_id_user_id_ff98325e_uniq" ON "faq_answer_like" ("answer_id", "user_id");
CREATE INDEX "faq_answer_like_answer_id_06cfb9f5" ON "faq_answer_like" ("answer_id");
CREATE INDEX "faq_answer_like_user_id_b36e4db0" ON "faq_answer_like" ("user_id");
CREATE INDEX "products_product_category_id_9b594869" ON "products_product" ("category_id");
CREATE INDEX "faq_question_author_id_dc3b6598" ON "faq_question" ("author_id");
CREATE INDEX "checkout_order_user_profile_id_949184a7" ON "checkout_order" ("user_profile_id");
COMMIT;
